run,hr,min,sec,AoA,AoS,dPb,pBar,temp,B1,B2,B3,B4,B5,B6,rpmWT,rho,q,V,V_solid_blockage_corr,Re,rpsM1,rpsM2,iM1,iM2,dPtQ,tM1,tM2,vM1,vM2,pInf,nu,J_M1,J_M2,FX,FY,FZ,MX,MY,MZ,CFX,CFY,CFZ,CMX,CMY,CMZ,CN,CT,CY,CY_solid_blockage_corr,CL,CL_solid_blockage_corr,CD,CD_solid_blockage_corr,CYaw,CYaw_solid_blockage_corr,CMroll,CMroll_solid_blockage_corr,CMpitch,CMpitch_solid_blockage_corr,CMpitch25c,CMyaw,CMyaw_solid_blockage_corr,B1_zeroed,B2_zeroed,B3_zeroed,B4_zeroed,B5_zeroed,B6_zeroed,B1_zero,B2_zero,B3_zero,B4_zero,B5_zero,B6_zero,config,source_file,dR,dE,V_round,AoA_round,AoS_round,J,J_round,CD_modeloff,CY_modeloff,CL_modeloff,CMroll_modeloff,CMpitch_modeloff,CMyaw_modeloff,modeloff_correction_found,CD_uncorrected,CY_uncorrected,CL_uncorrected,CMroll_uncorrected,CMpitch_uncorrected,CMyaw_uncorrected,CMpitch25c_uncorrected,solid_blockage_e
4.0,17.0,20.0,16.0,2.496,0.0,413.22,101106.0,290.81,788.1,1844.2,1294.7,283.5,422.4,-1323.6,0.0,1.2111837665772662,968.376508682172,39.98822250188802,39.70120510108445,443397.0123409999,98.44,98.43,6.44,7.87,0.0,21.129,21.653,28.525,28.589,101106.0,1.4878860687823469e-05,1.9991104588813853,1.9993135585927413,7.352540167190499,13.14918597295706,107.13484671210308,-2.542902906018317,-2.537051679296379,8.644608059925003,0.0349618126538645,0.0625252451647622,0.5094332508597899,-0.0086579981384831,-0.0731232540013728,0.0294328974628212,0.5104725077494743,0.0127430081841154,-0.061044888021905094,-0.060171727611925935,0.496628535097516,0.4895249693549186,0.026911812653864498,0.026526877401600646,-0.0625252451647622,-0.06163091034867537,0.0081079636878203,0.007991990784483776,-0.07608984467534341,-0.07500148753152928,-0.07608984467534341,0.0263892008170431,0.026011740784744188,800.3666666666667,1849.4333333333332,1299.8666666666668,285.2333333333333,401.5,-1326.6999999999998,-12.266666666666666,-5.233333333333333,-5.166666666666667,-1.7333333333333336,20.9,3.1,rudder_m20_elevator_0,raw_rudder_m20_elevator_0.txt,-20.0,0,40,2.5,0,1.9991104588813853,2.0,0.00805,-0.0014803571428571,0.0128047157622739,-0.0004333333333333,-0.0068874999999999,0.00335,True,0.0349618126538645,-0.0625252451647622,0.5094332508597899,0.007674630354487,-0.0829773446753433,0.0297392008170431,-0.0829773446753433,0.007229438
1.0,17.0,17.0,7.0,2.496,4.0,413.81,101101.0,290.5,809.5,-428.2,696.7,860.7,460.6,-25.3,0.0,1.2124162911880931,969.769728920426,39.99663253237486,39.70955476817077,444308.8042373147,98.44,98.42,6.9,6.8,0.0,20.503,20.594,28.612,28.743,101101.0,1.4851449705370646e-05,1.9995308971718089,1.9999372233041337,7.603355027514802,-7.216187417281273,106.82648115503552,-5.022943558004886,-2.312526063937661,0.1588977406771972,0.0361025125137948,-0.0342641499169136,0.5072371813163812,-0.0170773952470912,-0.066556190140589,0.0005402329311643,0.5083281987643795,0.0139782638606351,0.028144507059770802,0.027741939865050868,0.4982324655541073,0.491105957864683,0.0309547148818611,0.030511951656096232,0.0316623002035607,0.031209415974881242,-0.020599676921507,-0.020305027804618344,-0.072744290456031,-0.07170378671302406,-0.072744290456031,0.006525507405891,0.006432169291816563,827.2,-431.7,703.5,860.6,438.8,-26.9,-17.7,3.5,-6.8,0.1,21.8,1.6,rudder_m20_elevator_0,raw_rudder_m20_elevator_0.txt,-20.0,0,40,2.5,4,1.9995308971718089,2.0,0.00745,0.0061196428571428,0.0090047157622739,-0.0061333333333333,-0.0039875,-0.00715,True,0.0384047148818611,0.0342641499169136,0.5072371813163812,-0.0267330102548403,-0.076731790456031,-0.000624492594109,-0.076731790456031,0.007229438
2.0,17.0,18.0,4.0,2.496,8.0,413.45,101104.0,290.63,508.3,-2894.0,101.3,1653.4,181.6,1226.0,0.0,1.211909932667162,968.9196246045556,39.98744921210356,39.700437361624815,443867.2703991036,98.42,98.43,7.98,6.06,0.0,20.618,20.945,28.89,28.665,101104.0,1.4862809760720225e-05,1.9994780330453228,1.999274895990253,4.792262915720875,-31.173048377339043,112.0740194845113,-7.826694062111748,-3.01456195211257,-8.001160292735243,0.0227747524649654,-0.1481468093170123,0.5326206212810651,-0.0266331516102841,-0.0868374181123607,-0.0272268359339839,0.5331071373955024,-0.0004422913531882,0.08982716645986949,0.0885423164415482,0.5234159055187912,0.5159291844932993,0.040321160989536704,0.039744424057071105,0.1435354218284363,0.14148235150868607,-0.0473048344472705,-0.04662820598617556,-0.1144690496971241,-0.11283173254244933,-0.1144690496971241,-0.009574847937301002,-0.009437893338458559,521.1,-2897.3,110.3,1651.4,156.0,1220.2,-12.8,3.3,-9.0,2.0,25.6,5.8,rudder_m20_elevator_0,raw_rudder_m20_elevator_0.txt,-20.0,0,40,2.5,8,1.9994780330453228,2.0,0.00285,0.0583196428571428,0.0092047157622739,-0.0198333333333333,0.0212125,-0.02055,True,0.0431711609895367,0.1481468093170123,0.5326206212810651,-0.0671381677806038,-0.0932565496971241,-0.030124847937301,-0.0932565496971241,0.007229438
3.0,17.0,18.0,49.0,2.496,10.0,413.27,101103.0,290.71,330.1,-3931.4,-197.7,2031.0,31.8,1709.0,0.0,1.211564445727421,968.4945769444824,39.98437706931307,39.697387269287766,443611.97787620977,98.43,98.43,7.14,7.02,0.0,20.79,21.22,28.855,28.611,101103.0,1.4870220568739444e-05,1.999121296346392,1.999121296346392,3.065151877192533,-41.8584898958199,113.32130386928944,-8.123402393455388,-3.16332361165506,-11.18160035468108,0.014573222189432,-0.1990156110386959,0.5387845712871872,-0.0276549405316352,-0.0911626352509436,-0.0380661301607249,0.5389080657471974,-0.0089044783516518,0.1370959681815531,0.13513500509909251,0.5297798555249134,0.5222021072344613,0.0426605203826623,0.04205032223709631,0.1934615032454396,0.19069431125012695,-0.06307752683451259,-0.06217529241364624,-0.1122826411828681,-0.11067659749623547,-0.1122826411828681,-0.021451558946504096,-0.02114472486733107,333.1,-3942.1,-187.5,2029.8,4.100000000000001,1705.3,-3.0,10.7,-10.2,1.2,27.7,3.7,rudder_m20_elevator_0,raw_rudder_m20_elevator_0.txt,-20.0,0,40,2.5,10,1.999121296346392,2.0,0.00625,0.0619196428571428,0.0090047157622739,-0.0189333333333333,0.0170125,-0.0201499999999999,True,0.0489105203826623,0.1990156110386959,0.5387845712871873,-0.0820108601678459,-0.0952701411828681,-0.041601558946504,-0.0952701411828681,0.007229438
1.0,12.0,48.0,53.0,-4.996,0.0,414.34,101170.0,290.45,-619.2,925.6,-346.6,-912.5,45.0,-701.9,0.0,1.2134526039979827,971.0212932130448,40.00533998428826,39.71819972192698,444844.7576862209,123.02,123.03,17.46,17.61,0.0,19.691,20.772,34.09,33.511,101170.0,1.48367858629074e-05,1.6003631373030802,1.6002330582055182,-5.863858106526021,6.0197828451074695,-75.94717092998704,-2.828415237606084,6.252893085297141,4.53287020069566,-0.0278070860169263,0.0285464989664102,-0.3601501735592838,-0.0096038721582797,0.1797308758151738,0.0153913418859964,-0.3563602706027733,-0.0590655490404786,-0.0323964989664102,-0.03193311306734442,-0.3838001735592838,-0.37831045725781653,-0.0337070860169263,-0.03322495403176841,-0.0285464989664102,-0.028138181848488118,0.0013883357312066999,0.0013684775606779217,0.18611838554908058,0.1834562264216467,0.18611838554908058,0.0126512998322206,0.012470340959066354,-638.1,914.8,-337.0,-902.8,7.600000000000001,-695.6999999999999,18.9,10.8,-9.6,-9.7,37.4,-6.2,rudder_m10_elevator_0,raw_rudder_m10_elevator_0.txt,-10.0,0,40,-5.0,0,1.6003631373030802,1.6,0.0059,0.00385,0.02365,-0.0015999999999999,0.00145,0.0026999999999999,True,-0.0278070860169263,-0.0285464989664102,-0.3601501735592838,-0.0002116642687932,0.1875683855490806,0.0153512998322205,0.1875683855490806,0.007229438
8.0,12.0,53.0,8.0,-4.995,0.0,413.7,101161.0,290.67999999999995,1533.2,1283.8,-582.9,-1291.7,1682.5,-929.6,0.0,1.2123845995887763,969.5099735513668,39.991798252437086,39.70475518651103,444030.19039940194,82.02,82.03,1.03,0.87,0.0,23.786,23.813,31.732,30.434,101161.0,1.485897230570449e-05,2.39953707351704,2.399244554063971,13.93759241652099,8.934983625828313,-73.44884085980564,-2.124256591667887,6.653740646990737,6.014379200644172,0.0661966878525451,0.0424367641390819,-0.3488457580209146,-0.0072241482378736,0.1915508258418861,0.0204536340264445,-0.3532846132175095,0.0355717083591513,-0.0462867641390819,-0.045624697727594886,-0.3724957580209146,-0.3671677353260031,0.06029668785254509,0.059434229383183636,-0.0424367641390819,-0.04182976650873858,0.008099664366782,0.007983810173443892,0.1714430928783923,0.1689908429666212,0.1714430928783923,0.0171100392329712,0.016865304426248975,1514.3,1273.0,-573.3,-1282.0,1645.1,-923.4,18.9,10.8,-9.6,-9.7,37.4,-6.2,rudder_m10_elevator_0,raw_rudder_m10_elevator_0.txt,-10.0,0,40,-5.0,0,2.39953707351704,2.4,0.0059,0.00385,0.02365,-0.0015999999999999,0.00145,0.0026999999999999,True,0.0661966878525451,-0.0424367641390819,-0.3488457580209146,0.0064996643667821,0.1728930928783923,0.0198100392329711,0.1728930928783923,0.007229438
14.0,12.0,58.0,17.0,2.496,0.0,103.96,101160.0,290.57,268.1,288.8,271.3,103.3,158.7,-204.0,0.0,1.2128315782593753,242.52716310066285,19.99838583806929,19.854846456611696,222189.75821228168,49.21,49.21,0.66,0.72,0.0,22.505,22.863,33.762,32.572,101160.0,1.4849138116813831e-05,1.999944180859678,1.999944180859678,2.5767467469310907,2.137724556013921,26.801435904178973,-0.5173985545754108,-0.9250226123674568,1.3495768238307124,0.0489228930172394,0.0405874849279441,0.5088601675776615,-0.0070339095593826,-0.1064541027068845,0.0183471740272914,0.5105079682031981,0.0267158007438398,-0.039107127785086994,-0.03854775587309854,0.49605545181538774,0.48896008321508666,0.0408728930172394,0.04028826434184301,-0.0405874849279441,-0.04000693860984798,0.0040359341099927,0.003978205805521644,-0.11335566532207911,-0.11173427354934672,-0.11335566532207911,0.015136659378122698,0.014920150967073212,280.3666666666667,294.03333333333336,276.4666666666667,105.03333333333332,137.79999999999998,-207.1,-12.266666666666666,-5.233333333333333,-5.166666666666667,-1.7333333333333336,20.9,3.1,rudder_m10_elevator_0,raw_rudder_m10_elevator_0.txt,-10.0,0,20,2.5,0,1.999944180859678,2.0,0.00805,-0.0014803571428571,0.0128047157622739,-0.0004333333333333,-0.0068874999999999,0.00335,True,0.0489228930172394,-0.0405874849279441,0.5088601675776616,0.0036026007766594,-0.120243165322079,0.0184866593781227,-0.120243165322079,0.007229438
2.0,12.0,49.0,35.0,2.496,0.0,413.86,101166.0,290.54,-771.0,962.8,1381.8,789.4,-903.6,-719.9,0.0,1.213028753275484,969.8877999129204,39.98896818151591,39.70194542856075,444400.6220198101,123.03,123.03,17.58,17.93,0.0,21.089,22.581,34.074,33.579,101166.0,1.4845535922040316e-05,1.5995781781312823,1.5995781781312823,-6.990728382745571,6.523632102842962,110.93256468921332,-2.7001902292649187,-4.624381133196843,4.712499290059566,-0.0331895766717983,0.0309719640074008,0.5266697058691712,-0.0091791997468383,-0.1330768662458155,0.0160199721565789,0.5247246414124537,-0.0560943649090021,-0.0294916068645437,-0.029069771320647725,0.5138649901068972,0.5065148813594674,-0.041239576671798304,-0.04064970310759104,-0.0309719640074008,-0.03052895405739716,-0.0007135638442168002,-0.0007033573270299872,-0.11683478554393521,-0.11516362989845737,-0.11683478554393521,0.012604826478147499,0.012424532340308698,-758.7333333333333,968.0333333333332,1386.9666666666667,791.1333333333333,-924.5,-723.0,-12.266666666666666,-5.233333333333333,-5.166666666666667,-1.7333333333333336,20.9,3.1,rudder_m10_elevator_0,raw_rudder_m10_elevator_0.txt,-10.0,0,40,2.5,0,1.5995781781312823,1.6,0.00805,-0.0014803571428571,0.0128047157622739,-0.0004333333333333,-0.0068874999999999,0.00335,True,-0.0331895766717983,-0.0309719640074008,0.5266697058691712,-0.0011468971775501,-0.1237222855439351,0.0159548264781475,-0.1237222855439351,0.007229438
6.0,12.0,51.0,49.0,2.5,0.0,413.69,101165.0,290.56,1463.3,1116.6,1019.6,387.3,894.7,-788.7,0.0,1.2129332677003728,969.4863594824362,39.98226519445301,39.695290552511636,444267.4437195616,82.02,82.02,0.56,1.3,0.0,24.587,25.399,31.31,30.092,101165.0,1.4847497008520386e-05,2.398965083082591,2.398965083082591,13.564576907358653,8.13735951383032,108.25829926690729,-1.7090309731480768,-2.950725960654127,5.158883014585127,0.064426617431768,0.0386493844874657,0.5141860360494673,-0.0058121951293063,-0.084948871870768,0.0175446994239085,0.51650689445984,0.0419368176834542,-0.0371690273446086,-0.036637377206384096,0.5013813202871935,0.49420977270370436,0.056376617431768,0.055570230001385675,-0.0386493844874657,-0.03809655994313354,0.0047444566820065,0.004676593968586457,-0.0962202052320491,-0.09484391187528929,-0.0962202052320491,0.0143660493169695,0.014160563388206968,1475.5666666666666,1121.8333333333333,1024.7666666666669,389.03333333333336,873.8000000000001,-791.8000000000001,-12.266666666666666,-5.233333333333333,-5.166666666666667,-1.7333333333333336,20.9,3.1,rudder_m10_elevator_0,raw_rudder_m10_elevator_0.txt,-10.0,0,40,2.5,0,2.398965083082591,2.4,0.00805,-0.0014803571428571,0.0128047157622739,-0.0004333333333333,-0.0068874999999999,0.00335,True,0.064426617431768,-0.0386493844874657,0.5141860360494674,0.0043111233486732,-0.103107705232049,0.0177160493169695,-0.103107705232049,0.007229438
9.0,12.0,53.0,59.0,2.496,0.0,413.54,101159.0,290.77,1865.9,1091.5,919.7,346.8,1221.5,-810.7,0.0,1.211985376693565,969.1321495590578,39.99058970785869,39.703555316319786,443764.0522338207,70.31,70.3,-1.01,-1.26,0.0,23.067,22.935,28.808,27.539,101159.0,1.4867434357483653e-05,2.7990909288574315,2.7994890925741966,17.268846134261,7.467939246343539,107.68374833889236,-1.4638838402521142,-2.612897888347991,5.299999175943435,0.0820504751084512,0.0354828549909804,0.5116440695557287,-0.0049803007687443,-0.075250584589141,0.0180312052394468,0.514731923286115,0.0596907155866557,-0.0340024978481233,-0.03351614041634737,0.49883935379345484,0.4917041654298406,0.0740004751084512,0.07294200342837928,-0.0354828549909804,-0.03497532315309681,0.0046639647942947,0.004597253402991084,-0.0914892545496585,-0.09018063072217926,-0.0914892545496585,0.014848340871676599,0.01463595644731053,1878.1666666666667,1096.7333333333331,924.8666666666668,348.53333333333336,1200.6,-813.8000000000001,-12.266666666666666,-5.233333333333333,-5.166666666666667,-1.7333333333333336,20.9,3.1,rudder_m10_elevator_0,raw_rudder_m10_elevator_0.txt,-10.0,0,40,2.5,0,2.7990909288574315,2.8,0.00805,-0.0014803571428571,0.0128047157622739,-0.0004333333333333,-0.0068874999999999,0.00335,True,0.0820504751084512,-0.0354828549909804,0.5116440695557287,0.0042306314609614,-0.0983767545496584,0.0181983408716766,-0.0983767545496584,0.007229438
10.0,12.0,54.0,31.0,2.496,0.0,413.52,101160.0,290.76,666.6,1017.6,1128.5,547.2,255.6,-757.8,0.0,1.2120390414597149,969.0849217266068,39.98872997496133,39.70170893174523,443774.89473037096,98.43,98.43,7.41,6.7,0.0,22.707,22.598,30.171,28.596,101160.0,1.4866379727834744e-05,1.9993389310082328,1.9993389310082328,6.235263793043559,6.93631427386736,109.03741205687894,-2.125878060142752,-3.5196654680835637,4.957148835961805,0.0296274160721898,0.0329585204123379,0.518101059019845,-0.0072328335232335,-0.1013701273480528,0.0168656109457166,0.5188997813973568,0.0070361926050199,-0.031478163269480795,-0.031027912858080122,0.5052963432575711,0.49806879683171096,0.021577416072189798,0.02126878178561164,-0.0329585204123379,-0.03248709559482956,0.0017535141334841,0.0017284326046401479,-0.1028332025113387,-0.10136231962214329,-0.1028332025113387,0.013557103338725498,0.013363188233088418,678.8666666666667,1022.8333333333334,1133.6666666666667,548.9333333333334,234.7,-760.9,-12.266666666666666,-5.233333333333333,-5.166666666666667,-1.7333333333333336,20.9,3.1,rudder_m10_elevator_0,raw_rudder_m10_elevator_0.txt,-10.0,0,40,2.5,0,1.9993389310082328,2.0,0.00805,-0.0014803571428571,0.0128047157622739,-0.0004333333333333,-0.0068874999999999,0.00335,True,0.0296274160721898,-0.0329585204123379,0.518101059019845,0.0013201808001508,-0.1097207025113386,0.0169071033387255,-0.1097207025113386,0.007229438
3.0,12.0,50.0,6.0,5.0,0.0,413.63,101164.0,290.54,-491.3,1047.4,1891.8,1217.9,-920.9,-726.5,0.0,1.2130047723183783,969.3446752632036,39.97816513643388,39.69121992285722,444271.7837110666,123.03,123.04,18.03,17.84,0.0,22.172,23.819,34.14,33.543,101164.0,1.484582941648344e-05,1.5991460510733362,1.5990160814658043,-4.364830890246677,7.858146113947765,168.10040129620748,-2.60576746799696,-8.232339981058223,4.798590615121405,-0.0207343284701183,0.0373286816350332,0.7985301204274832,-0.0088631762239995,-0.2370366549851055,0.0163217765096072,0.7936843564382348,-0.0902519138426588,-0.0355786816350332,-0.03506977913312647,0.7916801204274834,0.7803562608722531,-0.028534328470118303,-0.028126185433857705,-0.0373286816350332,-0.036794747868970246,0.0008291776632762,0.0008173174546351093,-0.22654262295989952,-0.2233022525382118,-0.22654262295989952,0.012979641371773099,0.012793986039298853,-472.7,1061.8000000000002,1906.8,1228.9,-990.0,-735.9,-18.6,-14.4,-15.0,-11.0,69.1,9.4,rudder_m10_elevator_0,raw_rudder_m10_elevator_0.txt,-10.0,0,40,5.0,0,1.5991460510733362,1.6,0.0078,-0.00175,0.0068499999999999,-0.0006,-0.00465,0.0033,True,-0.0207343284701183,-0.0373286816350332,0.7985301204274833,0.0002291776632762,-0.2311926229598995,0.0162796413717731,-0.2311926229598995,0.007229438
7.0,12.0,52.0,23.0,5.0,0.0,414.28,101164.0,290.61,1713.7,1084.2,1474.8,845.3,887.8,-748.0,0.0,1.2127125926478155,970.879605384417,40.01462427267264,39.727417371882495,444486.8103838272,82.03,82.03,0.92,1.24,0.0,24.354,24.736,31.294,30.089,101164.0,1.4852180033961034e-05,2.4006139649715625,2.4006139649715625,15.921340567297715,8.188957535811644,164.133727791848,-1.6021323411107302,-6.145487512571767,4.93542251791976,0.0755118369157709,0.0388386407124846,0.7784545046949632,-0.005440827596385,-0.176669428196451,0.0167606522546704,0.7820735405153924,0.0073777110267096,-0.0370886407124846,-0.03655814039084485,0.7716045046949634,0.760567798305733,0.0677118369157709,0.06674331527214693,-0.0388386407124846,-0.03828310912668863,0.0046242196426752,0.0045580767493082226,-0.1933026635736599,-0.19053774355422315,-0.1933026635736599,0.013747606764599199,0.013550966778061713,1732.3,1098.6,1489.8,856.3,818.6999999999999,-757.4,-18.6,-14.4,-15.0,-11.0,69.1,9.4,rudder_m10_elevator_0,raw_rudder_m10_elevator_0.txt,-10.0,0,40,5.0,0,2.4006139649715625,2.4,0.0078,-0.00175,0.0068499999999999,-0.0006,-0.00465,0.0033,True,0.0755118369157709,-0.0388386407124846,0.7784545046949634,0.0040242196426752,-0.1979526635736599,0.0170476067645992,-0.1979526635736599,0.007229438
4.0,12.0,50.0,33.0,7.0,0.0,414.06,101163.0,290.53,-141.4,1127.5,2249.5,1517.9,-865.5,-747.6,0.0,1.213034532873517,970.3600861966114,39.998608010003394,39.71151606671309,444521.7309905815,123.03,123.02,17.53,17.67,0.0,23.143,24.81,33.986,33.596,101163.0,1.4845069010817224e-05,1.5999637759596514,1.600093833167907,-1.046251206337523,8.943031340698054,209.65657465396708,-2.436251313562471,-11.60317390775628,4.965696098499293,-0.0049648236664727,0.04243777534626,0.9948929256840732,-0.0082779179511931,-0.333744654313394,0.0168724895683398,0.9868720848825472,-0.1261747642352794,-0.037987775346259994,-0.0374444141808888,0.9879429256840729,0.97381180548746,-0.0109648236664727,-0.010807987439260177,-0.04243777534626,-0.04183076325203439,0.0009996010509159999,0.0009853031777981032,-0.3302953040258658,-0.3255708988803616,-0.3302953040258658,0.0133416669194494,0.013150833325766477,-111.55,1149.55,2273.85,1535.2,-980.85,-761.35,-29.85,-22.05,-24.35,-17.3,115.35,13.75,rudder_m10_elevator_0,raw_rudder_m10_elevator_0.txt,-10.0,0,40,7.0,0,1.5999637759596514,1.6,0.006,-0.00445,0.00695,0.0006,-0.0020499999999999,0.0036,True,-0.0049648236664727,-0.04243777534626,0.994892925684073,0.001599601050916,-0.3323453040258657,0.0169416669194494,-0.3323453040258657,0.007229438
5.0,12.0,51.0,18.0,7.0,0.0,413.96,101166.0,290.53,2015.5,1043.1,1781.3,1170.6,937.9,-713.9,0.0,1.2130705055473072,970.1239425920228,39.99314775350808,39.706095001472825,444474.2293538968,82.02,82.03,1.08,1.11,0.0,24.435,25.753,31.534,30.336,101166.0,1.4844628791701782e-05,2.3996180445659068,2.3993255152419315,18.797838346099773,8.021141840044894,203.97392290823905,-1.5138079582111554,-9.123164580056397,4.741668226266762,0.0892239546702947,0.0380723561275151,0.9681623874195604,-0.0051448831613968,-0.2624754733317163,0.0161152072704637,0.9718195165688388,-0.029430421622161,-0.033622356127515095,-0.03314143608306794,0.9612123874195604,0.9474636096025687,0.0832239546702947,0.08203355421687875,-0.0380723561275151,-0.03752778515421353,0.0029803370686450003,0.0029377075803936606,-0.28557350979984664,-0.2814887863942349,-0.28557350979984664,0.0128314202869259,0.012647885046524986,2045.35,1065.15,1805.65,1187.9,822.55,-727.65,-29.85,-22.05,-24.35,-17.3,115.35,13.75,rudder_m10_elevator_0,raw_rudder_m10_elevator_0.txt,-10.0,0,40,7.0,0,2.3996180445659068,2.4,0.006,-0.00445,0.00695,0.0006,-0.0020499999999999,0.0036,True,0.0892239546702947,-0.0380723561275151,0.9681623874195604,0.003580337068645,-0.2876235097998465,0.0164314202869259,-0.2876235097998465,0.007229438
16.0,12.0,59.0,28.0,2.496,4.0,104.27,101161.0,290.38,251.5,-323.8,109.2,268.3,155.2,140.9,0.0,1.2136371492818565,243.25031736688445,20.02153057898999,19.877825075035176,222707.5819986702,49.21,49.21,0.53,0.55,0.0,22.222,22.274,33.817,32.539,101161.0,1.4831757361445155e-05,2.0022587771624334,2.0022587771624334,2.475133974909163,-3.503507577049044,26.876405087964507,-1.2189768256855698,-0.8734758533057256,-0.9127058359163172,0.0468539356873264,-0.0663209023669683,0.5087665428471353,-0.0165224326108418,-0.1002231224954376,-0.0123711299096832,0.5103243299497895,0.0246528836308535,0.0602012595098255,0.05934016600735239,0.4997618270848614,0.4926134440511704,0.043916114139510805,0.04328795650880163,0.0628909826474973,0.06199141647624352,-0.0285096743174806,-0.0281018839238527,-0.1094415433458905,-0.10787613752808706,-0.1094415433458905,-0.006718083508036101,-0.006621990866371394,269.2,-327.3,116.0,268.2,133.39999999999998,139.3,-17.7,3.5,-6.8,0.1,21.8,1.6,rudder_m10_elevator_0,raw_rudder_m10_elevator_0.txt,-10.0,0,20,2.5,4,2.0022587771624334,2.0,0.00745,0.0061196428571428,0.0090047157622739,-0.0061333333333333,-0.0039875,-0.00715,True,0.0513661141395108,0.0663209023669683,0.5087665428471353,-0.0346430076508139,-0.1134290433458905,-0.0138680835080361,-0.1134290433458905,0.007229438
11.0,12.0,55.0,43.0,2.496,3.995,413.52,101162.0,290.77,672.2,-1333.6,511.3,1154.4,265.1,596.1,0.0,1.212021319675703,969.0849217266068,39.98902232503535,39.70199918346246,443759.81931502215,98.43,98.44,7.72,6.66,0.0,22.373,22.495,30.201,28.654,101162.0,1.4866993457708316e-05,1.9993535477986348,1.9991504440249863,6.340779573675689,-14.00086109713548,108.68821264708312,-4.408266726533726,-3.5150867360559093,-3.8941736768773074,0.0301287837831209,-0.0665263493032253,0.5164418066530524,-0.0149981600341117,-0.1012382549718441,-0.0132490712630621,0.517263937606016,0.0076093444946642,0.0604067064460825,0.05954267431701994,0.5074370908907785,0.5001789241109191,0.027240427015209304,0.02685079140129725,0.0642656443005688,0.06334641554705019,-0.027006464733616,-0.02662017561780289,-0.1057426421126703,-0.10423014382278488,-0.1057426421126703,-0.007529727690131801,-0.007422025631368293,689.9000000000001,-1337.1,518.1,1154.3000000000002,243.3,594.5,-17.7,3.5,-6.8,0.1,21.8,1.6,rudder_m10_elevator_0,raw_rudder_m10_elevator_0.txt,-10.0,0,40,2.5,4,1.9993535477986348,2.0,0.00745,0.0061196428571428,0.0090047157622739,-0.0061333333333333,-0.0039875,-0.00715,True,0.0346904270152093,0.0665263493032253,0.5164418066530524,-0.0331397980669493,-0.1097301421126703,-0.0146797276901318,-0.1097301421126703,0.007229438
15.0,12.0,59.0,1.0,2.496,8.0,103.89,101163.0,290.42,170.3,-953.6,-43.8,475.5,76.0,466.9,0.0,1.2134939840084806,242.363871432735,19.986195193269104,19.842743310754095,222264.5655347002,49.21,49.21,0.94,0.89,0.0,22.399,22.546,33.945,32.565,101163.0,1.4835091647499656e-05,1.9987250520096569,1.9987250520096569,1.684274144551488,-9.579769714061449,28.199184847037422,-1.8496369835160125,-1.114657255373969,-3.016480855092828,0.031999683419864,-0.182006948854992,0.5357589741091229,-0.0251623138482347,-0.1283641966584538,-0.0410359647160353,0.5366442551834179,0.0086372134433541,0.12368730599784919,0.12191813478116113,0.526554258346849,0.5190226476421258,0.0541687361689597,0.05339392934378591,0.1757821745688958,0.17326786025713017,-0.0547685360276957,-0.05398514991754769,-0.1585959024153051,-0.15632741331390368,-0.1585959024153051,-0.0236959170275428,-0.023356980594091123,183.1,-956.9,-34.8,473.5,50.4,461.1,-12.8,3.3,-9.0,2.0,25.6,5.8,rudder_m10_elevator_0,raw_rudder_m10_elevator_0.txt,-10.0,0,20,2.5,8,1.9987250520096569,2.0,0.00285,0.0583196428571428,0.0092047157622739,-0.0198333333333333,0.0212125,-0.02055,True,0.0570187361689597,0.182006948854992,0.5357589741091229,-0.074601869361029,-0.1373834024153051,-0.0442459170275428,-0.1373834024153051,0.007229438
12.0,12.0,56.0,44.0,2.496,8.0,413.7,101158.0,290.82,371.0,-3870.9,-104.7,1968.5,-14.2,1896.0,0.0,1.2117650239582876,969.5099735513668,40.002020851990096,39.71490441286139,443751.0461959339,98.41,98.43,6.55,6.35,0.0,22.319,22.624,30.385,28.659,101158.0,1.48721200307355e-05,2.0004099058889744,2.000003442431514,3.529735491688512,-38.499242528611845,113.97959030959562,-7.09915120807301,-4.222219297459297,-12.37521527562076,0.01676450218679,-0.1828524083689695,0.5413468220193964,-0.02414271462843,-0.1215511148123358,-0.0420854947454765,0.5415633150370034,-0.0068268623980856,0.12453276551182668,0.12275150119775133,0.5321421062571225,0.5245305693254811,0.0391994878946521,0.03863879490249221,0.178739733544897,0.17618311555313942,-0.053942266676880804,-0.05317069917609533,-0.1474887395159128,-0.14537912260226046,-0.1474887395159128,-0.0247084675972208,-0.024355048066179896,383.8,-3874.2,-95.7,1966.5,-39.8,1890.2,-12.8,3.3,-9.0,2.0,25.6,5.8,rudder_m10_elevator_0,raw_rudder_m10_elevator_0.txt,-10.0,0,40,2.5,8,2.0004099058889744,2.0,0.00285,0.0583196428571428,0.0092047157622739,-0.0198333333333333,0.0212125,-0.02055,True,0.0420494878946521,0.1828524083689695,0.5413468220193964,-0.0737756000102141,-0.1262762395159128,-0.0452584675972208,-0.1262762395159128,0.007229438
17.0,13.0,0.0,17.0,2.496,9.995,103.97,101163.0,290.31,312.0,-599.3,-14.8,428.2,136.3,244.5,0.0,1.2139537833203915,242.55049051881485,19.990101533520384,19.846621613059312,222457.5841877914,49.21,49.21,0.64,0.94,0.0,21.864,21.785,34.037,32.643,101163.0,1.4825116789482283e-05,1.9991157066613503,1.9991157066613503,2.897264657653516,-6.760642079788343,28.62581442528408,-0.1279650639005697,-1.6349854652786002,-1.579016739304423,0.0550030525480862,-0.1283472500833133,0.5434460986870463,-0.0017394871153176,-0.1881404507115604,-0.0214642902458533,0.5453258751688899,0.0312839869432064,0.0664276072261705,0.0654774546640309,0.5344413829247724,0.5267969581064817,0.07019450162969919,0.0691904689939234,0.1168528586049268,0.11518144444998392,-0.018010474191698104,-0.017752859941943085,-0.22065572433831898,-0.21749955763917853,-0.22065572433831898,-0.0029028158463359002,-0.002861295189052179,315.0,-610.0,-4.600000000000001,427.0,108.6,240.8,-3.0,10.7,-10.2,1.2,27.7,3.7,rudder_m10_elevator_0,raw_rudder_m10_elevator_0.txt,-10.0,0,20,2.5,10,1.9991157066613503,2.0,0.00625,0.0619196428571428,0.0090047157622739,-0.0189333333333333,0.0170125,-0.0201499999999999,True,0.0764445016296992,0.1283472500833133,0.5434460986870463,-0.0369438075250314,-0.203643224338319,-0.0230528158463358,-0.203643224338319,0.007229438
13.0,12.0,57.0,10.0,2.496,10.0,413.36,101159.0,290.83,187.5,-4911.8,-404.0,2351.7,-173.6,2382.8,0.0,1.211735336730007,968.7071003996972,39.98594394612135,39.69894289976198,443550.0120281531,98.44,98.43,7.75,7.42,0.0,22.321,22.69,30.477,28.669,101159.0,1.4872880806731036e-05,1.9989965482252148,1.999199636363813,1.7538493366361534,-49.19371136392037,115.31625675164946,-7.308366752168292,-4.444354183717343,-15.582024057900789,0.0083368229974088,-0.2338395069973475,0.5481492629840952,-0.0248748119232505,-0.1280520748943163,-0.0530350940186262,0.5479922798842379,-0.0155427898065926,0.17191986414020471,0.16946079469277847,0.5391445472218214,0.5314328503190224,0.0425659721799614,0.041957126412131014,0.2288392853305085,0.22556606441597715,-0.06945404923447669,-0.06846060771841515,-0.14741433320240638,-0.1453057805653759,-0.14741433320240638,-0.036684016473210096,-0.03615930372655166,190.5,-4922.5,-393.8,2350.5,-201.3,2379.1000000000004,-3.0,10.7,-10.2,1.2,27.7,3.7,rudder_m10_elevator_0,raw_rudder_m10_elevator_0.txt,-10.0,0,40,2.5,10,1.9989965482252148,2.0,0.00625,0.0619196428571428,0.0090047157622739,-0.0189333333333333,0.0170125,-0.0201499999999999,True,0.0488159721799614,0.2338395069973475,0.5481492629840953,-0.08838738256781,-0.1304018332024064,-0.05683401647321,-0.1304018332024064,0.007229438
7.0,17.0,28.0,49.0,2.496,0.0,413.42,101102.0,290.77,633.9,505.2,985.7,680.5,249.8,-408.5,0.0,1.2113024600329465,968.8487831196423,39.99601266937408,39.708939354266654,443574.14790770254,98.43,98.43,6.58,6.93,0.0,20.695,20.891,28.512,28.858,101102.0,1.4875816424686836e-05,1.9997030479599631,1.9997030479599631,5.934854788693804,3.067854914387187,108.32557596267218,-1.7334155781907177,-3.277768489029369,2.6799739045648447,0.0282068689168418,0.0145807411481846,0.5148441588396436,-0.0058990034843988,-0.0944262448156166,0.0091202453699113,0.5155841068364693,0.0057588300055021,-0.0131003840053275,-0.012913001620993016,0.5020394430773697,0.49485848198221877,0.0201568689168418,0.019868553539459006,-0.0145807411481846,-0.01437218435774245,-0.0017515307387681,-0.0017264775795681835,-0.09548893454654411,-0.09412310097818348,-0.09548893454654411,0.005666442623077899,0.005585392210435408,646.1666666666666,510.4333333333333,990.8666666666668,682.2333333333333,228.9,-411.6,-12.266666666666666,-5.233333333333333,-5.166666666666667,-1.7333333333333336,20.9,3.1,rudder_m5_elevator_0,raw_rudder_m5_elevator_0.txt,-5.0,0,40,2.5,0,1.9997030479599631,2.0,0.00805,-0.0014803571428571,0.0128047157622739,-0.0004333333333333,-0.0068874999999999,0.00335,True,0.0282068689168418,-0.0145807411481846,0.5148441588396436,-0.0021848640721014,-0.102376434546544,0.0090164426230779,-0.102376434546544,0.007229438
8.0,17.0,29.0,34.0,2.496,4.0,413.08,101104.0,290.83,627.8,-1835.1,382.4,1291.8,234.1,937.5,0.0,1.211076518003842,968.0459187785996,39.98316648035563,39.69618536939111,443278.0618370876,98.44,98.43,6.62,6.84,0.0,20.888,21.001,28.637,28.774,101104.0,1.4880971569157546e-05,1.9988576958203303,1.9990607698522125,5.932703060890534,-17.792944279978673,108.4607517965905,-4.09078674376746,-3.487492871643484,-6.121743855621287,0.0282200276324897,-0.0846355150579503,0.5159141425630291,-0.0139329422547457,-0.1005513281399908,-0.0208502444593735,0.5166536484854932,0.0057253788304749,0.07851587220080751,0.07739281417937044,0.5069094268007552,0.49965880750616626,0.026605160147471003,0.026224611123716695,0.082460817580431,0.08128133271906293,-0.0307105088629618,-0.030271238657406992,-0.1045177266939827,-0.1030227490791911,-0.1045177266939827,-0.015284999172848899,-0.015066368971749886,645.5,-1838.6,389.2,1291.7,212.3,935.9,-17.7,3.5,-6.8,0.1,21.8,1.6,rudder_m5_elevator_0,raw_rudder_m5_elevator_0.txt,-5.0,0,40,2.5,4,1.9988576958203303,2.0,0.00745,0.0061196428571428,0.0090047157622739,-0.0061333333333333,-0.0039875,-0.00715,True,0.034055160147471,0.0846355150579503,0.5159141425630291,-0.0368438421962951,-0.1085052266939827,-0.0224349991728489,-0.1085052266939827,0.007229438
5.0,17.0,27.0,28.0,2.496,8.0,413.6,101103.0,290.59,316.8,-4388.7,-237.1,2112.7,-48.2,2249.3,0.0,1.21206476484882,969.273833278528,39.99220306840241,39.70515709689018,444024.1348092035,98.44,98.43,6.69,5.99,0.0,20.627,20.687,28.738,28.8,101103.0,1.4859325363624548e-05,1.999309457277746,1.999512577206353,3.0314849949308997,-42.40469060551149,113.8814294677028,-6.732263081787941,-4.139748418222957,-14.682518425976724,0.0144015658804061,-0.201450426577959,0.5410123790077764,-0.0229005833788073,-0.119205941288257,-0.0499443104555055,0.541126284296638,-0.0091729920296329,0.1431307837208162,0.14108350117441426,0.5318076632455025,0.524200910046072,0.0394478913878267,0.03888364533654967,0.1974856142922642,0.19466086310460465,-0.057595998735445006,-0.056772169787622964,-0.14447756537995352,-0.14241101903499695,-0.14447756537995352,-0.032718946086422,-0.032250948039334836,329.6,-4392.0,-228.1,2110.7,-73.80000000000001,2243.5,-12.8,3.3,-9.0,2.0,25.6,5.8,rudder_m5_elevator_0,raw_rudder_m5_elevator_0.txt,-5.0,0,40,2.5,8,1.999309457277746,2.0,0.00285,0.0583196428571428,0.0092047157622739,-0.0198333333333333,0.0212125,-0.02055,True,0.0422978913878267,0.201450426577959,0.5410123790077764,-0.0774293320687783,-0.1232650653799535,-0.053268946086422,-0.1232650653799535,0.007229438
6.0,17.0,28.0,4.0,2.496,9.995,413.18,101103.0,290.69,139.5,-5411.7,-530.7,2494.5,-212.4,2729.6,0.0,1.2116478035619338,968.2820542389112,39.978614543068126,39.69166610385361,443602.2211441562,98.43,98.43,7.47,5.58,0.0,20.581,20.759,28.844,28.75,101103.0,1.4868404494148588e-05,1.9988331840940223,1.9988331840940223,1.3125724684712332,-52.89379091530388,115.3634578482057,-6.839575068285243,-4.484204325729975,-17.84739052685116,0.0062419773554415,-0.2515379935717619,0.5486143499357741,-0.0232894478983835,-0.1292569641720157,-0.0607721777518867,0.5483656958166624,-0.0176559023633918,0.18961835071461908,0.1869061295571302,0.5396096341735003,0.5318912848625053,0.0435547389421536,0.0429317502703156,0.2466370054763021,0.24310921345642905,-0.0725168804158208,-0.07147962945040717,-0.1480287840177673,-0.14591144253463953,-0.1480287840177673,-0.044547144956313095,-0.04390996132613758,142.5,-5422.4,-520.5,2493.3,-240.1,2725.9,-3.0,10.7,-10.2,1.2,27.7,3.7,rudder_m5_elevator_0,raw_rudder_m5_elevator_0.txt,-5.0,0,40,2.5,10,1.9988331840940223,2.0,0.00625,0.0619196428571428,0.0090047157622739,-0.0189333333333333,0.0170125,-0.0201499999999999,True,0.0498047389421536,0.2515379935717619,0.5486143499357742,-0.0914502137491541,-0.1310162840177673,-0.064697144956313,-0.1310162840177673,0.007229438
28.0,8.0,10.0,41.0,2.496,-9.995,104.26,101189.0,289.29,330.2,896.7,533.5,-88.4,83.8,-457.2,0.0,1.2185471305276716,243.22698967108667,19.98019463460076,19.836785821385774,223798.9645853479,49.21,49.21,0.59,0.58,0.0,19.603,19.399,45.032,44.352,101189.0,1.4728956569678325e-05,1.9981249644581995,1.9981249644581995,2.6138409208311546,8.520802655369632,29.33895051356545,-1.0460446418331577,-1.9136533810016108,2.840559422068558,0.0494843840843911,0.1613130577095466,0.5554354453156867,-0.0141798099486113,-0.2195947502517445,0.0385056154793571,0.5570635110491933,0.025248422501061,-0.1502327005666895,-0.1480838351879535,0.5424307295534128,0.5346720284803238,0.048581209826606506,0.047886324628778607,-0.1502761734086956,-0.1481266862127071,0.0235134989555778,0.02317717175352397,-0.1929545707908949,-0.190194629744256,-0.1929545707908949,0.032307289409251705,0.031845179526180496,284.6,870.2,536.1,-83.60000000000001,64.8,-434.7,45.6,26.5,-2.6,-4.8,19.0,-22.5,rudder_0_elevator_0,raw_rudder_0_elevator_0.txt,0.0,0,20,2.5,-10,1.9981249644581995,2.0,0.0281499999999999,-0.0110803571428571,0.0130047157622739,0.0060666666666666,-0.0405875,0.00745,True,0.0767312098266064,-0.1613130577095466,0.5554354453156867,0.0295801656222444,-0.2335420707908949,0.0397572894092517,-0.2335420707908949,0.007229438
20.0,8.0,3.0,34.0,2.496,-10.0,414.92,101193.0,289.89,683.6,4276.0,2362.5,-391.9,-76.4,-2171.3,0.0,1.2160731113350067,972.3909594001356,39.99038738198461,39.703354442649456,446306.3469309787,98.42,98.43,6.88,6.75,0.0,21.406,21.947,30.325,30.385,101193.0,1.4782670205155337e-05,1.9996249492965537,1.9994217973155213,5.8498046751061,41.28985933234436,118.92845611132644,-1.009739290275658,-7.416589613684414,14.027813347794028,0.0277013690964369,0.1955254400497548,0.5631779592281009,-0.0034237362310375,-0.2128794685405792,0.0475642903704021,0.5638500368901675,0.0031488901381546,-0.1844450829068977,-0.1818068579968637,0.550173243465827,0.5423037967293237,0.0330831594073885,0.03260995180610343,-0.1877446770096469,-0.1850592560929876,0.0434985789564655,0.04287639357344851,-0.1800996816466455,-0.17752361152907445,-0.1800996816466455,0.0422277130626462,0.04162370561099797,638.0,4249.5,2365.1,-387.1,-95.4,-2148.8,45.6,26.5,-2.6,-4.8,19.0,-22.5,rudder_0_elevator_0,raw_rudder_0_elevator_0.txt,0.0,0,40,2.5,-10,1.9996249492965537,2.0,0.0281499999999999,-0.0110803571428571,0.0130047157622739,0.0060666666666666,-0.0405875,0.00745,True,0.0612331594073884,-0.1955254400497548,0.5631779592281009,0.0495652456231321,-0.2206871816466455,0.0496777130626462,-0.2206871816466455,0.007229438
26.0,8.0,9.0,3.0,2.496,-8.0,104.24,101190.0,289.33,328.7,671.0,453.6,-22.7,105.8,-350.6,0.0,1.2183907064735384,243.1803343072557,19.979560682557437,19.8361564195639,223739.12325650055,49.21,49.21,0.6,0.58,0.0,20.185,19.959,44.909,44.134,101190.0,1.4732428520159189e-05,1.9980615659064236,1.9980615659064236,2.700872105082296,6.304538068544964,29.06200962874485,-1.016482703594064,-1.717570605278078,2.1996451419946084,0.0511418400243831,0.1193783580949441,0.5502980479614616,-0.0137817223898718,-0.1971317552616021,0.0298233296011954,0.5520031693373514,0.0271280377615881,-0.060398000952087,-0.05953409334275005,0.5388933321991878,0.5311852285704411,0.0510083874364307,0.05027878491065675,-0.1110990076552229,-0.10950989416487293,0.0020811132065836,0.0020513458383475975,-0.2022587346772815,-0.19936571078264664,-0.2022587346772815,0.0084527842915635,0.008331879219301945,294.0,655.5,456.3,-17.299999999999997,86.9,-336.70000000000005,34.7,15.5,-2.7,-5.4,18.9,-13.9,rudder_0_elevator_0,raw_rudder_0_elevator_0.txt,0.0,0,20,2.5,-8,1.9980615659064236,2.0,0.01625,-0.0589803571428571,0.0114047157622739,0.0164666666666666,-0.0092874999999999,0.02215,True,0.0672583874364307,-0.1193783580949441,0.5502980479614616,0.0185477798732502,-0.2115462346772814,0.0306027842915635,-0.2115462346772814,0.007229438
25.0,8.0,8.0,10.0,2.496,-4.0,104.33,101191.0,289.37,249.6,428.2,323.7,74.6,129.6,-246.9,0.0,1.2182343256648152,243.3902837360233,19.98946635397758,19.845990992548394,223797.30524426769,49.21,49.21,0.56,0.58,0.0,20.549,20.332,44.893,43.941,101191.0,1.4735900733930148e-05,1.9990521853531449,1.9990521853531449,2.32990646140856,3.712117485203861,27.612775519369457,-0.1648759289195914,-1.070392192010539,1.5605708355783914,0.0440794360874635,0.0702294483269843,0.5224053385249141,-0.0022335000883574,-0.1227467880436264,0.021140351547934,0.5238293575557128,0.0212870516485512,-0.0426490911841272,-0.042039056517011286,0.5107006227626402,0.5033957757951426,0.0403210194648648,0.039744284556708594,-0.0669835468944885,-0.066025442405096,0.0085568963766782,0.008434502128928439,-0.12988320794628472,-0.12802541315339244,-0.12988320794628472,0.007994245137831502,0.007879898816817396,253.6,417.5,329.7,77.6,106.6,-239.1,-4.0,10.7,-6.0,-3.0,23.0,-7.8,rudder_0_elevator_0,raw_rudder_0_elevator_0.txt,0.0,0,20,2.5,-4,1.9990521853531449,2.0,0.00855,-0.0275803571428571,0.0117047157622739,0.0080666666666666,-0.0052874999999999,0.01385,True,0.0488710194648648,-0.0702294483269843,0.5224053385249141,0.0166235630433448,-0.1351707079462846,0.0218442451378315,-0.1351707079462846,0.007229438
15.0,7.0,59.0,55.0,2.496,-3.995,415.08,101192.0,289.75,605.0,2336.1,1540.5,210.3,155.2,-1304.0,0.0,1.2166486644737404,972.7688038271756,39.98869424008703,39.70167345335972,446666.043676063,98.44,98.42,6.41,7.57,0.0,21.335,21.615,30.295,30.305,101192.0,1.4770140458672609e-05,1.9991340422443984,1.999540287731544,5.588414801971608,21.11283129232872,111.21177813921176,0.6874384260027631,-4.17427049379646,8.459759605888756,0.0264532953498403,0.0999396039195734,0.5264315763496248,0.0023300010965375,-0.1197681647070839,0.0286734759253701,0.5270841634519289,0.0035022922489533,-0.0723592467767163,-0.07132425053659429,0.5147268605873508,0.5073644240069698,0.0248017515826384,0.024446997756694334,-0.0978537783268335,-0.09645411902741421,0.0211539540761023,0.020851376811857964,-0.1219366045230031,-0.12019247460407251,-0.1219366045230031,0.016068819906269204,0.015838978262981977,609.0,2325.4,1546.5,213.3,132.2,-1296.2,-4.0,10.7,-6.0,-3.0,23.0,-7.8,rudder_0_elevator_0,raw_rudder_0_elevator_0.txt,0.0,0,40,2.5,-4,1.9991340422443984,2.0,0.00855,-0.0275803571428571,0.0117047157622739,0.0080666666666666,-0.0052874999999999,0.01385,True,0.0333517515826384,-0.0999396039195734,0.5264315763496248,0.0292206207427689,-0.127224104523003,0.0299188199062692,-0.127224104523003,0.007229438
1.0,7.0,50.0,35.0,-5.003,0.0,416.15,101202.0,289.04999999999995,-712.5,-304.7,-677.2,-537.7,-44.9,145.1,0.0,1.2197155774698278,975.2956993346116,39.99022680162341,39.703195014861556,448650.62717508303,123.03,123.03,17.61,17.79,0.0,17.271,17.78,34.089,33.593,101202.0,1.4705369044506352e-05,1.5996285235477827,1.5996285235477827,-6.721431338813684,-3.1663429218524537,-75.4105237120606,-1.0934200877537406,5.995030416326419,-0.988469440303608,-0.0317341038408047,-0.0149493537927588,-0.3560380623616357,-0.0036964317736716,0.1715637470253607,-0.0033416340959565,-0.3519141401326313,-0.0626625340336449,0.011099353792758799,0.010940593303187397,-0.3796880623616357,-0.3742571639696702,-0.037634103840804706,-0.037095801443934984,0.0149493537927588,0.014735524522043702,-0.0065712325562685,-0.006477240408869672,0.1790580983895318,0.1764969266409033,0.1790580983895318,-0.0053163068570774,-0.005240264639205938,-731.4,-315.5,-667.6,-528.0,-82.3,151.29999999999998,18.9,10.8,-9.6,-9.7,37.4,-6.2,rudder_0_elevator_0,raw_rudder_0_elevator_0.txt,0.0,0,40,-5.0,0,1.5996285235477827,1.6,0.0059,0.00385,0.02365,-0.0015999999999999,0.00145,0.0026999999999999,True,-0.0317341038408047,0.0149493537927588,-0.3560380623616357,-0.0081712325562684,0.1805080983895318,-0.0026163068570775,0.1805080983895318,0.007229438
7.0,7.0,54.0,18.0,-5.0,0.0,415.49,101197.0,289.33,1459.2,52.1,-922.2,-925.5,1613.0,-82.3,0.0,1.218474990839042,973.7370409857692,39.97859556381135,39.69164726082138,447727.296587814,82.03,82.02,0.83,0.83,0.0,23.481,24.357,30.965,30.78,101197.0,1.4731409448451123e-05,2.398452479684511,2.3987449025666967,13.257633833432498,-0.2696693397625085,-73.4722255451341,-0.4063086231071196,6.469241607603115,0.4903263071331226,0.0626938744929595,-0.0012752362868127,-0.3474419753115519,-0.0013757714861863,0.1854309064635704,0.0016602575331091,-0.3515839848970535,0.0321737419527237,-0.0025747637131873,-0.002537935375676068,-0.3710919753115519,-0.36578403173424956,0.0567938744929595,0.05598151879302304,0.0012752362868127,0.0012569958431802354,1.6103321756399903e-05,1.587298661315582e-05,0.1663104518429098,0.16393161707032627,0.1663104518429098,-0.0009080145566218,-0.0008950266982078009,1440.3,41.3,-912.6,-915.8,1575.6,-76.1,18.9,10.8,-9.6,-9.7,37.4,-6.2,rudder_0_elevator_0,raw_rudder_0_elevator_0.txt,0.0,0,40,-5.0,0,2.398452479684511,2.4,0.0059,0.00385,0.02365,-0.0015999999999999,0.00145,0.0026999999999999,True,0.0626938744929595,0.0012752362868127,-0.3474419753115519,-0.0015838966782435,0.1677604518429098,0.0017919854433781,0.1677604518429098,0.007229438
21.0,8.0,6.0,9.0,2.496,0.0,104.48,101192.0,289.45,-113.3,-50.8,254.6,245.6,-130.7,25.6,0.0,1.2179096580800357,243.7402011165107,20.006496532749907,19.862898936389016,223880.23999536084,61.52,61.52,1.82,1.43,0.0,21.349,21.333,38.423,39.307,101192.0,1.474299164301762e-05,1.6004091023428386,1.6004091023428386,-0.9319082618249624,-0.4510785254429526,27.39931818282415,-0.6615314907139259,-0.9836431997653596,-0.1467786235802315,-0.0176054357190671,-0.0085216907170516,0.5176227690795846,-0.0089486044791795,-0.112636946836741,-0.0019854895297582,0.5163649715108269,-0.0401310183411548,0.0100020478599087,0.009858982773003221,0.5048180533173107,0.4975973481496436,-0.025655435719067102,-0.025288471154194508,0.0085216907170516,0.008399800036253785,-0.010819899020287,-0.01066513573427529,-0.1007873025209408,-0.09934568332494359,-0.1007873025209408,-0.0058236800489331,-0.005740380578266708,-101.03333333333332,-45.56666666666666,259.76666666666665,247.3333333333333,-151.6,22.5,-12.266666666666666,-5.233333333333333,-5.166666666666667,-1.7333333333333336,20.9,3.1,rudder_0_elevator_0,raw_rudder_0_elevator_0.txt,0.0,0,20,2.5,0,1.6004091023428386,1.6,0.00805,-0.0014803571428571,0.0128047157622739,-0.0004333333333333,-0.0068874999999999,0.00335,True,-0.0176054357190671,0.0085216907170516,0.5176227690795846,-0.0112532323536203,-0.1076748025209407,-0.0024736800489331,-0.1076748025209407,0.007229438
22.0,8.0,6.0,43.0,2.496,0.0,104.43,101192.0,289.41,402.7,-22.7,167.0,158.0,281.8,12.1,0.0,1.2180779880835713,243.62356175831005,20.000326911601103,19.856773597994366,223866.1439813953,41.01,41.01,0.2,0.11,0.0,21.186,21.102,34.335,33.595,101192.0,1.4739373210956738e-05,2.40006841422405,2.40006841422405,3.815258420395117,-0.1672607373749526,26.79357289407993,-0.3765608943918384,-0.6325710064314363,-0.0596149826675442,0.072111653242117,-0.0031613712534193,0.5064214857181766,-0.0050962166701485,-0.0724703627598654,-0.0008068040866315,0.5090814621803817,0.0499887646836889,0.0046417283962764,0.004575335065060029,0.4936167699559028,0.4865562832354976,0.064061653242117,0.06314534229092388,0.0031613712534193,0.0031161523283105928,-0.005513108854969299,-0.00543425166407172,-0.0859077462758578,-0.08467895799580236,-0.0859077462758578,-0.0044150040626027,-0.004351853700921661,414.9666666666666,-17.466666666666665,172.16666666666666,159.73333333333332,260.90000000000003,9.0,-12.266666666666666,-5.233333333333333,-5.166666666666667,-1.7333333333333336,20.9,3.1,rudder_0_elevator_0,raw_rudder_0_elevator_0.txt,0.0,0,20,2.5,0,2.40006841422405,2.4,0.00805,-0.0014803571428571,0.0128047157622739,-0.0004333333333333,-0.0068874999999999,0.00335,True,0.072111653242117,0.0031613712534193,0.5064214857181767,-0.0059464421883026,-0.0927952462758577,-0.0010650040626027,-0.0927952462758577,0.007229438
23.0,8.0,7.0,7.0,2.496,0.0,104.31,101191.0,289.41,493.9,-21.9,150.0,143.4,354.5,10.9,0.0,1.2180659507882503,243.34362824262425,19.988931776445074,19.84546025197198,223736.3857873665,35.15,35.15,-0.16,-0.09,0.0,21.031,20.886,26.85,26.17,101191.0,1.4739518869890942e-05,2.798598214688046,2.798598214688046,4.654314004575608,-0.1689258464752604,26.642614314089883,-0.3418919219886683,-0.5732011392690834,-0.0520163324197567,0.0880717207641083,-0.0031965161710154,0.5041475254977595,-0.0046323441423646,-0.0657442093673462,-0.00070477696984,0.5075047145505892,0.0660327204709162,0.0046768733138725,0.004609977284532645,0.49134280973548566,0.4843148487859136,0.0800217207641083,0.07887712371800422,0.0031965161710154,0.003150794547783209,-0.005064015965303799,-0.004991582410264449,-0.08367998528883101,-0.08248306196520026,-0.08367998528883101,-0.0042935159086616,-0.0042321032624509335,506.1666666666666,-16.666666666666664,155.16666666666666,145.13333333333333,333.6,7.800000000000001,-12.266666666666666,-5.233333333333333,-5.166666666666667,-1.7333333333333336,20.9,3.1,rudder_0_elevator_0,raw_rudder_0_elevator_0.txt,0.0,0,20,2.5,0,2.798598214688046,2.8,0.00805,-0.0014803571428571,0.0128047157622739,-0.0004333333333333,-0.0068874999999999,0.00335,True,0.0880717207641083,0.0031965161710154,0.5041475254977595,-0.0054973492986371,-0.0905674852888309,-0.0009435159086616,-0.0905674852888309,0.007229438
24.0,8.0,7.0,32.0,2.496,0.0,104.52,101192.0,289.39,232.4,-28.3,198.6,185.0,143.7,14.5,0.0,1.218162170535493,243.83351276965868,20.00825165955574,19.864641465687324,223982.337972026,49.21,49.21,0.56,0.54,0.0,20.844,20.649,44.904,43.815,101192.0,1.4737564119370352e-05,2.0009308151026115,2.0009308151026115,2.24850780270859,-0.2276828277309029,26.99276102797617,-0.5098789872201681,-0.77383137595471,-0.0749581612321228,0.0424621308940779,-0.0042996951230488,0.5097470200378204,-0.0068945460190078,-0.0885774922277964,-0.0010135787217525,0.5111126154067658,0.0202225460701507,0.0057800522659059005,0.005697376828703225,0.4969423042755465,0.4898342505105609,0.0344121308940779,0.03391991424345602,0.0042996951230488,0.004238194091953789,-0.0076212626728870995,-0.0075122513362190875,-0.0936580698610366,-0.09231842421129154,-0.0936580698610366,-0.0047133918642211,-0.004645973488892458,244.66666666666669,-23.066666666666663,203.76666666666665,186.7333333333333,122.79999999999998,11.4,-12.266666666666666,-5.233333333333333,-5.166666666666667,-1.7333333333333336,20.9,3.1,rudder_0_elevator_0,raw_rudder_0_elevator_0.txt,0.0,0,20,2.5,0,2.0009308151026115,2.0,0.00805,-0.0014803571428571,0.0128047157622739,-0.0004333333333333,-0.0068874999999999,0.00335,True,0.0424621308940779,0.0042996951230488,0.5097470200378204,-0.0080545960062204,-0.1005455698610365,-0.0013633918642211,-0.1005455698610365,0.007229438
4.0,7.0,52.0,15.0,2.507,0.0,416.01,101202.0,289.17999999999995,-839.5,-157.4,1112.5,1105.4,-959.7,55.8,0.0,1.2191672579972812,974.9650714676034,39.99243808047264,39.70539042214991,448317.21003641264,123.03,123.04,17.64,17.93,0.0,20.15,21.793,34.112,33.614,101202.0,1.4717119291721276e-05,1.599716975777331,1.5995869597682464,-7.6203100498676655,-1.7852427811914882,112.4485216320533,-1.9805467648002115,-4.68383258262846,-0.3436620319839879,-0.0359902087690589,-0.0084315808645676,0.5310867593084246,-0.00669773560783,-0.1340857876031317,-0.0011621828222322,0.5290041845169331,-0.0591862636389535,0.0099119380074247,0.009770161813959568,0.5182820435461508,0.5108687551236181,-0.044040208769058904,-0.04341027614094825,0.0084315808645676,0.008310979077210132,-0.008581347759656001,-0.008458603769605494,-0.1170543404314959,-0.1153800443652253,-0.1170543404314959,-0.0049053856460878,-0.004835221072433296,-827.2333333333333,-152.16666666666669,1117.6666666666667,1107.1333333333334,-980.6,52.7,-12.266666666666666,-5.233333333333333,-5.166666666666667,-1.7333333333333336,20.9,3.1,rudder_0_elevator_0,raw_rudder_0_elevator_0.txt,0.0,0,40,2.5,0,1.599716975777331,1.6,0.00805,-0.0014803571428571,0.0128047157622739,-0.0004333333333333,-0.0068874999999999,0.00335,True,-0.0359902087690589,0.0084315808645676,0.5310867593084247,-0.0090146810929893,-0.1239418404314958,-0.0015553856460878,-0.1239418404314958,0.007229438
10.0,7.0,55.0,35.0,2.503,0.0,415.81,101196.0,289.41,1385.5,-105.5,709.6,740.6,833.6,18.3,0.0,1.2181261372648535,974.4927490899582,39.99983251449172,39.71273178226124,447740.7929164204,82.02,82.01,1.1,0.8,0.0,22.733,22.766,30.455,30.383,101196.0,1.4738790604007414e-05,2.4000191351021867,2.400311784673592,12.849841876790176,-1.4107643979511804,109.44690935532128,-1.029505139611864,-2.989315423938594,-0.1041460719765816,0.0607183487914234,-0.0066661742298979,0.5171608864995387,-0.0034832276780618,-0.0856177029841382,-0.0003523678187823,0.5193191554259788,0.038075125903847,0.008146531372754999,0.008030006813470193,0.5043561707372648,0.49714207214380934,0.052668348791423396,0.051915002876411764,0.0066661742298979,0.006570824076720757,-0.0049082710447519995,-0.004838065199568261,-0.0958438498218493,-0.09447293969462625,-0.0958438498218493,-0.0039353085671926,-0.003879019568174511,1397.7666666666669,-100.26666666666668,714.7666666666667,742.3333333333334,812.7,15.2,-12.266666666666666,-5.233333333333333,-5.166666666666667,-1.7333333333333336,20.9,3.1,rudder_0_elevator_0,raw_rudder_0_elevator_0.txt,0.0,0,40,2.5,0,2.4000191351021867,2.4,0.00805,-0.0014803571428571,0.0128047157622739,-0.0004333333333333,-0.0068874999999999,0.00335,True,0.0607183487914234,0.0066661742298979,0.5171608864995387,-0.0053416043780853,-0.1027313498218492,-0.0005853085671926,-0.1027313498218492,0.007229438
11.0,7.0,56.0,5.0,2.503,0.0,415.59,101195.0,289.48,1815.7,-95.1,626.5,672.7,1183.4,9.4,0.0,1.2178195442593014,973.9731987502936,39.994201580787575,39.707141264856055,447481.0876089892,70.31,70.29,-1.35,-1.37,0.0,22.323,22.209,27.955,28.552,101195.0,1.4745268537566482e-05,2.7993437373512617,2.800140250009492,16.807719264686142,-1.3527964239444386,108.7849042792004,-0.7344969339462756,-2.621960225846349,-0.0471242249300723,0.0794625614479741,-0.0063956725639831,0.5143069684094561,-0.0024864225532374,-0.0751362531413241,-0.0001595251528695,0.5172865517376948,0.056926090834727,0.007876029706840199,0.007763374289643514,0.5015022526471822,0.49432897529806563,0.0714125614479741,0.07039110619673013,0.0063956725639831,0.006304191552894078,-0.0038446697440130003,-0.003789677204609664,-0.09064551195490761,-0.08934895666672497,-0.09064551195490761,-0.0036962006113609,-0.003643331712002398,1827.9666666666667,-89.86666666666666,631.6666666666666,674.4333333333334,1162.5,6.300000000000001,-12.266666666666666,-5.233333333333333,-5.166666666666667,-1.7333333333333336,20.9,3.1,rudder_0_elevator_0,raw_rudder_0_elevator_0.txt,0.0,0,40,2.5,0,2.7993437373512617,2.8,0.00805,-0.0014803571428571,0.0128047157622739,-0.0004333333333333,-0.0068874999999999,0.00335,True,0.0794625614479741,0.0063956725639831,0.5143069684094561,-0.0042780030773463,-0.0975330119549075,-0.0003462006113609,-0.0975330119549075,0.007229438
12.0,7.0,56.0,55.0,2.503,0.0,415.58,101193.0,289.54999999999995,605.7,-131.5,849.6,867.5,204.7,37.4,0.0,1.2175010680190128,973.9495829321944,39.998947184542295,39.711852806810334,447333.2035533821,98.42,98.43,7.13,6.35,0.0,21.723,21.592,30.299,30.153,101193.0,1.4751893393639962e-05,2.00005296202351,1.9998497665585069,5.675647094404695,-1.5931973711987517,110.35666158098408,-1.412485808087964,-3.5883151607617805,-0.226933555433952,0.0268336461681774,-0.0075324088731598,0.5217504823520099,-0.0047816696912629,-0.1028311150702209,-0.0007682351905665,0.5224245700339878,0.0040223160041163,0.0090127660160169,0.008883851200631086,0.508945766589736,0.50166602034705,0.018783646168177397,0.018514972791575837,0.0075324088731598,0.00742466846388165,-0.0064312304976095,-0.006339240880789364,-0.10350675789328731,-0.10202624075112651,-0.10350675789328731,-0.0044172893993147,-0.0043541063491382755,617.9666666666667,-126.26666666666668,854.7666666666667,869.2333333333333,183.8,34.3,-12.266666666666666,-5.233333333333333,-5.166666666666667,-1.7333333333333336,20.9,3.1,rudder_0_elevator_0,raw_rudder_0_elevator_0.txt,0.0,0,40,2.5,0,2.00005296202351,2.0,0.00805,-0.0014803571428571,0.0128047157622739,-0.0004333333333333,-0.0068874999999999,0.00335,True,0.0268336461681774,0.0075324088731598,0.5217504823520099,-0.0068645638309428,-0.1103942578932872,-0.0010672893993147,-0.1103942578932872,0.007229438
2.0,7.0,51.0,6.0,4.995,0.0,416.28,101203.0,289.09,-588.7,-98.3,1607.6,1547.6,-976.6,23.4,0.0,1.219558861881395,975.602712549633,39.99909029687908,39.711994891951406,448644.2087623428,123.03,123.03,17.84,17.8,0.0,17.882,18.861,34.143,33.598,101203.0,1.4708838790275729e-05,1.599983067669266,1.599983067669266,-5.259944205731627,-1.175048692435734,169.5546635555052,-2.1839098326126627,-8.006898540473433,-0.0911829393195901,-0.0248261239518525,-0.0055460482748246,0.8002718145673056,-0.0073806338389104,-0.2290665987582725,-0.0003081573595318,0.7950710413341843,-0.0944105547759178,0.0072960482748246,0.007191688668159623,0.7934218145673058,0.7820730425514507,-0.0326261239518525,-0.032159453593548167,0.0055460482748246,0.005466719932315849,-0.0082830072297409,-0.00816453057718343,-0.2174192820308246,-0.2143094080415843,-0.2174192820308246,-0.0043804199215521,-0.004317764236882635,-570.1,-83.89999999999999,1622.6,1558.6,-1045.7,13.999999999999998,-18.6,-14.4,-15.0,-11.0,69.1,9.4,rudder_0_elevator_0,raw_rudder_0_elevator_0.txt,0.0,0,40,5.0,0,1.599983067669266,1.6,0.0078,-0.00175,0.0068499999999999,-0.0006,-0.00465,0.0033,True,-0.0248261239518525,0.0055460482748246,0.8002718145673057,-0.0088830072297409,-0.2220692820308246,-0.0010804199215521,-0.2220692820308246,0.007229438
9.0,7.0,55.0,15.0,5.004,0.0,415.74,101196.0,289.4,1657.3,-50.7,1200.8,1143.3,858.4,48.0,0.0,1.2181682287001427,974.3274371323666,39.99574859958378,39.708677179850035,447722.5561010118,82.02,82.01,0.97,0.85,0.0,23.0,23.175,30.511,30.446,101196.0,1.4737886083598156e-05,2.399774097228049,2.4000667169204317,15.403073068312322,-0.1042825597812277,164.91248209436063,-1.0788088274293344,-5.981441108621704,-0.2538280638089084,0.0727952805664744,-0.000492841796166,0.7793802152162367,-0.0036506610693084,-0.1713449621079496,-0.0008589475792974,0.782759283533847,0.004536164110528,0.002242841796166,0.002210761130188597,0.7725302152162369,0.7614802678529549,0.0649952805664744,0.06406561540260729,0.000492841796166,0.00048579239434482294,-0.003100204515515,-0.0030558604937057543,-0.1872125280145295,-0.1845347187333372,-0.1872125280145295,-0.004478425208073,-0.004414367696994614,1675.9,-36.3,1215.8,1154.3,789.3,38.6,-18.6,-14.4,-15.0,-11.0,69.1,9.4,rudder_0_elevator_0,raw_rudder_0_elevator_0.txt,0.0,0,40,5.0,0,2.399774097228049,2.4,0.0078,-0.00175,0.0068499999999999,-0.0006,-0.00465,0.0033,True,0.0727952805664744,0.000492841796166,0.7793802152162368,-0.003700204515515,-0.1918625280145295,-0.001178425208073,-0.1918625280145295,0.007229438
3.0,7.0,51.0,36.0,7.0,0.0,415.96,101202.0,289.11,-216.1,70.7,1998.7,1793.5,-909.6,-8.7,0.0,1.2194624456700005,974.8469905261348,39.985175845220525,39.698180311942515,448428.59782865416,123.04,123.02,17.52,17.53,0.0,18.766,20.138,34.169,33.656,101202.0,1.4710791799752166e-05,1.599296490435402,1.5995564963678417,-1.7328710417294697,1.1918024030624683,210.12050267760645,-2.0808255092298222,-11.448054933856753,0.149801604776535,-0.0081852240196132,0.0056294839149967,0.9925051224893482,-0.0070377067024908,-0.3277673505223425,0.0005066545720933,0.9841096119342072,-0.1290801602050115,-0.0011794839149967002,-0.0011626130730285277,0.985555122489348,0.9714581564256037,-0.0141852240196132,-0.013982324539870241,-0.0056294839149967,-0.005548962144174125,-0.0060721345349181,-0.005985281275754857,-0.3234103208361368,-0.3187843955951659,-0.3234103208361368,-0.0037640073970523,-0.003710168617942812,-186.25,92.75,2023.05,1810.8,-1024.95,-22.45,-29.85,-22.05,-24.35,-17.3,115.35,13.75,rudder_0_elevator_0,raw_rudder_0_elevator_0.txt,0.0,0,40,7.0,0,1.599296490435402,1.6,0.006,-0.00445,0.00695,0.0006,-0.0020499999999999,0.0036,True,-0.0081852240196132,-0.0056294839149967,0.992505122489348,-0.0054721345349181,-0.3254603208361367,-0.0001640073970523,-0.3254603208361367,0.007229438
6.0,7.0,53.0,47.0,7.006,0.0,416.26,101199.0,289.29,1969.1,-64.5,1525.0,1461.2,901.2,59.9,0.0,1.2186675534126223,975.5554796455186,40.012746255470425,39.725552834239565,448228.6736905813,82.02,82.02,0.76,0.72,0.0,23.217,24.648,30.772,30.7,101199.0,1.4727501124805384e-05,2.4007939689828888,2.4007939689828888,18.371565696295946,-0.1102875643618822,205.20409038595216,-1.2244884335809234,-9.150695542737266,-0.3031889794755752,0.086715149781392,-0.0005205654662625,0.9685784939472968,-0.0041384210083733,-0.2618017675902158,-0.0010246921144854,0.9719234217477976,-0.0320730166475766,0.0049705654662625,0.004899468587867168,0.9616284939472968,0.9478737643174977,0.08071514978139199,0.07956063421819921,0.0005205654662625,0.0005131195167215712,-0.0047281633461442995,-0.004660533685749372,-0.2841926899534995,-0.2801277172143598,-0.2841926899534995,-0.0051205667636799995,-0.005047324329799277,1998.95,-42.45,1549.35,1478.5,785.85,46.15,-29.85,-22.05,-24.35,-17.3,115.35,13.75,rudder_0_elevator_0,raw_rudder_0_elevator_0.txt,0.0,0,40,7.0,0,2.4007939689828888,2.4,0.006,-0.00445,0.00695,0.0006,-0.0020499999999999,0.0036,True,0.086715149781392,0.0005205654662625,0.9685784939472968,-0.0041281633461443,-0.2862426899534994,-0.00152056676368,-0.2862426899534994,0.007229438
5.0,7.0,53.0,12.0,7.998,0.0,416.07,101200.0,289.23999999999995,-1.0,83.7,2132.1,1912.3,-837.9,-12.1,0.0,1.2188902649715678,975.106768902776,39.99988835988295,39.71278722681947,448226.6610461791,123.04,123.03,17.74,18.07,0.0,22.178,23.889,34.051,33.574,101200.0,1.4722834624823385e-05,1.59988495034755,1.6000149905776035,0.2192037672986641,1.328114563819772,227.3877373427449,-2.189962732440984,-12.982519940662565,0.1572853249701404,0.0010351341192853,0.0062716837227369,1.0737808393131982,-0.007404854147612,-0.3716013373194924,0.0005318240688349,1.0634801208836708,-0.1483792265246538,-0.0006216837227369003,-0.0006127914201737842,1.0662308393131983,1.050979921718705,-0.0033648658807144995,-0.0033167362540228217,-0.0062716837227369,-0.006181976195897969,-0.006556325609639899,-0.006462546684937542,-0.3718430929436114,-0.36652440569553163,-0.3718430929436114,-0.0040603618762781,-0.004002284167309536,26.1,102.2,2163.6,1935.5,-984.9,-23.6,-27.1,-18.5,-31.5,-23.2,147.0,11.5,rudder_0_elevator_0,raw_rudder_0_elevator_0.txt,0.0,0,40,8.0,0,1.59988495034755,1.6,0.0043999999999999,-0.00565,0.00755,0.0009,-4.99999999999997e-05,0.0038,True,0.0010351341192854,-0.0062716837227369,1.0737808393131982,-0.0056563256096399,-0.3718930929436114,-0.0002603618762781,-0.3718930929436114,0.007229438
8.0,7.0,54.0,48.0,7.996,0.0,415.97,101196.0,289.39,2151.5,-75.7,1644.4,1580.5,956.7,71.3,0.0,1.218210323044408,974.8706066959188,40.00620428197657,39.719057816076834,447867.08634707896,82.02,82.03,1.45,1.07,0.0,23.323,23.761,30.796,30.768,101196.0,1.4736981583929451e-05,2.4004014458001754,2.400108820974404,20.0229379369488,-0.177621560869135,221.24477833864012,-1.3132507392252135,-10.580127724423312,-0.3922366597980252,0.0945761446297343,-0.000838975902688,1.0450253714324462,-0.0044415303422105,-0.3029105332529487,-0.0013265791320613,1.0480213243085983,-0.0517105198678009,0.006488975902688,0.006396160319874533,1.037475371432446,1.022635759959358,0.09017614462973429,0.08888630297441034,0.000838975902688,0.0008269755441503478,-0.0053479852549513,-0.00527148992259685,-0.3295171003481029,-0.32480382630078464,-0.3295171003481029,-0.0057324142346672005,-0.005650420191832421,2178.6,-57.2,1675.9,1603.7,809.7,59.8,-27.1,-18.5,-31.5,-23.2,147.0,11.5,rudder_0_elevator_0,raw_rudder_0_elevator_0.txt,0.0,0,40,8.0,0,2.4004014458001754,2.4,0.0043999999999999,-0.00565,0.00755,0.0009,-4.99999999999997e-05,0.0038,True,0.0945761446297342,0.000838975902688,1.045025371432446,-0.0044479852549513,-0.3295671003481029,-0.0019324142346672,-0.3295671003481029,0.007229438
13.0,7.0,57.0,22.0,7.993,0.0,415.45,101195.0,289.54999999999995,1379.4,-43.6,1809.9,1704.9,318.7,49.4,0.0,1.217525130969375,973.6425781390956,39.99224732172096,39.7052010325784,447267.1145115298,98.43,98.43,6.55,6.51,0.0,21.541,21.489,30.335,30.288,101195.0,1.475160183984e-05,1.9995147897643075,1.9995147897643075,12.919452455049164,0.0613743716384552,223.34106814641535,-1.7048789287101118,-11.367594559146712,-0.2477868018154132,0.0611005798085285,0.0002902607293568,1.0562575160427063,-0.0057733241357446,-0.3258663070821697,-0.0008390939082825,1.0544922073611318,-0.0863678508722669,0.005359739270643199,0.005283075813790647,1.048707516042706,1.0337072446960291,0.056700579808528606,0.055889558556529495,-0.0002902607293568,-0.0002861089619335378,-0.0064195428200599,-0.006327720378864973,-0.3430376868666317,-0.3381310200349178,-0.3430376868666317,-0.0053984462728043,-0.005321229167268439,1406.5,-25.1,1841.4,1728.1,171.7,37.9,-27.1,-18.5,-31.5,-23.2,147.0,11.5,rudder_0_elevator_0,raw_rudder_0_elevator_0.txt,0.0,0,40,8.0,0,1.9995147897643075,2.0,0.0043999999999999,-0.00565,0.00755,0.0009,-4.99999999999997e-05,0.0038,True,0.0611005798085285,-0.0002902607293568,1.056257516042706,-0.0055195428200599,-0.3430876868666317,-0.0015984462728043,-0.3430876868666317,0.007229438
27.0,8.0,9.0,49.0,2.496,4.0,104.72,101191.0,289.31,212.9,-661.1,31.8,358.0,134.0,373.5,0.0,1.2184869752778251,244.3000732565651,20.024715325582857,19.880986962955365,224274.53474598163,49.21,49.21,0.54,0.59,0.0,19.909,19.666,45.047,43.803,101191.0,1.473047415228197e-05,2.00257726863807,2.00257726863807,2.120225679888427,-6.017371708195695,27.118367808100366,-1.161859810383585,-0.7746376981219998,-2.429493643033065,0.0399631096125883,-0.1134185324870543,0.5111410146143649,-0.0156805787450819,-0.0885004486295672,-0.0327886945049582,0.5123964559724666,0.0176651877365113,0.1072988896299115,0.10576413142991377,0.502136298852091,0.49495395237266454,0.040327438369641304,0.03975061164817021,0.1103545650358873,0.10877609973973947,-0.04004145430674701,-0.03946871818106036,-0.0957766696967511,-0.0944067204857894,-0.0957766696967511,-0.027618482105263503,-0.027223438950308734,230.6,-664.6,38.6,357.9,112.2,371.9,-17.7,3.5,-6.8,0.1,21.8,1.6,rudder_0_elevator_0,raw_rudder_0_elevator_0.txt,0.0,0,20,2.5,4,2.00257726863807,2.0,0.00745,0.0061196428571428,0.0090047157622739,-0.0061333333333333,-0.0039875,-0.00715,True,0.0477774383696413,0.1134185324870543,0.5111410146143649,-0.0461747876400803,-0.0997641696967511,-0.0347684821052635,-0.0997641696967511,0.007229438
16.0,8.0,0.0,20.0,2.496,3.995,413.97,101192.0,289.75,588.1,-2455.4,229.2,1481.6,182.4,1376.5,0.0,1.2166486644737404,970.1475569108349,39.93478063330014,39.64814681409276,446063.8390304393,98.42,98.42,6.3,6.11,0.0,21.348,21.644,30.356,30.057,101192.0,1.4770140458672609e-05,1.996844465052762,1.996844465052762,5.567716170096241,-22.277326389992847,109.4524423345476,-3.260611784160568,-3.773363858537424,-8.985771920477616,0.0264265259699509,-0.1057367736430508,0.5195034591316974,-0.0110813648734611,-0.1085578746796231,-0.0305386301442658,0.5201614533888876,0.0037772652805586,0.099617130785908,0.09819224923437236,0.5104987433694235,0.5031967839998798,0.026278932698674,0.025903049895174463,0.1036387267110638,0.10215632194242406,-0.033381520968053,-0.032904045728459896,-0.1120187694663605,-0.11041650008980745,-0.1120187694663605,-0.0250805147579421,-0.02472177362075343,605.8000000000001,-2458.9,236.0,1481.5,160.6,1374.9,-17.7,3.5,-6.8,0.1,21.8,1.6,rudder_0_elevator_0,raw_rudder_0_elevator_0.txt,0.0,0,40,2.5,4,1.996844465052762,2.0,0.00745,0.0061196428571428,0.0090047157622739,-0.0061333333333333,-0.0039875,-0.00715,True,0.033728932698674,0.1057367736430508,0.5195034591316974,-0.0395148543013863,-0.1160062694663605,-0.0322305147579421,-0.1160062694663605,0.007229438
17.0,8.0,1.0,29.0,2.496,3.995,415.08,101195.0,289.81,613.0,-2467.7,227.7,1479.7,195.7,1366.3,0.0,1.216432841075817,972.7688038271756,39.9922415436452,39.70519529597506,446554.68065121904,98.44,98.42,6.75,6.16,0.0,21.385,21.763,30.413,30.14,101195.0,1.477513442797538e-05,1.9993113807505956,1.9997176622748285,5.796965784003035,-22.599052039638934,109.5711937655059,-3.605179210516535,-3.842201832801874,-8.920296611360211,0.0274404913470362,-0.1069747718118685,0.5186657134847812,-0.0122193802324399,-0.1102404510279714,-0.0302344182398463,0.5193686603688159,0.0048267521943313,0.1008551289547257,0.09941253959793944,0.5096609977225074,0.5023710211144401,0.0273766848895029,0.026985100300250954,0.1048030743307436,0.10330401522333936,-0.0348803073834132,-0.03438139413314773,-0.1139871349660033,-0.11235671091700593,-0.1139871349660033,-0.024841863079828597,-0.024486535515894893,630.7,-2471.2,234.5,1479.6,173.89999999999998,1364.7,-17.7,3.5,-6.8,0.1,21.8,1.6,rudder_0_elevator_0,raw_rudder_0_elevator_0.txt,0.0,0,40,2.5,4,1.9993113807505956,2.0,0.00745,0.0061196428571428,0.0090047157622739,-0.0061333333333333,-0.0039875,-0.00715,True,0.0348266848895029,0.1069747718118685,0.5186657134847813,-0.0410136407167465,-0.1179746349660033,-0.0319918630798286,-0.1179746349660033,0.007229438
29.0,8.0,11.0,37.0,2.496,7.995,104.54,101188.0,289.23,131.1,-1319.7,-130.1,578.5,48.1,714.7,0.0,1.2187878701265824,243.88016865176184,20.00502873465478,19.8614416734857,224157.49060077552,49.21,49.21,0.64,0.54,0.0,19.357,19.146,45.333,43.908,101188.0,1.472367638327818e-05,2.000608505594573,2.000608505594573,1.323896135517814,-12.365650134237764,28.547525139050563,-1.7192575823454523,-1.09676766581269,-4.632984536707024,0.0249964427710179,-0.2334754650416799,0.5390049560899799,-0.0232432266564304,-0.1255187463089271,-0.0626348900759312,0.5395821689726242,0.0014992556700909,0.1751558221845371,0.17265046695390734,0.529800240327706,0.5222222004616062,0.0543768106497111,0.05359902761465625,0.2277294602604055,0.22447211381701523,-0.0664034352837113,-0.06545362846687278,-0.1537765679011158,-0.15157701253416114,-0.1537765679011158,-0.045781046397323305,-0.04512621355976912,143.9,-1323.0,-121.1,576.5,22.5,708.9000000000001,-12.8,3.3,-9.0,2.0,25.6,5.8,rudder_0_elevator_0,raw_rudder_0_elevator_0.txt,0.0,0,20,2.5,8,2.000608505594573,2.0,0.00285,0.0583196428571428,0.0092047157622739,-0.0198333333333333,0.0212125,-0.02055,True,0.0572268106497111,0.2334754650416799,0.5390049560899799,-0.0862367686170446,-0.1325640679011158,-0.0663310463973233,-0.1325640679011158,0.007229438
14.0,7.0,59.0,10.0,2.496,8.0,415.27,101192.0,289.71,278.5,-5097.7,-397.9,2325.0,-116.1,2734.7,0.0,1.216816646064224,973.2174971615264,39.99515469372042,39.70808753677474,446847.75104092766,98.43,98.43,6.61,6.4,0.0,21.365,21.536,30.487,30.144,101192.0,1.4766519538545984e-05,1.999660151270639,1.999660151270639,2.67955245368697,-47.732128462512726,115.3908812435864,-6.297831942150662,-4.650451632708861,-17.853155834919452,0.0126780697202252,-0.2258404203693858,0.5459619331099399,-0.021336005493261,-0.1333692363833339,-0.0604835178939068,0.5459960849421571,-0.0111104043495336,0.167520777512243,0.1651246307502057,0.536757217347666,0.5290796678075573,0.0411355992421506,0.04054721292737636,0.2218781106458244,0.218704459446933,-0.0624417966915293,-0.061548655487315,-0.1581550879664135,-0.1558929040895344,-0.1581550879664135,-0.0434591873621519,-0.04283756541993651,291.3,-5101.0,-388.9,2323.0,-141.7,2728.9,-12.8,3.3,-9.0,2.0,25.6,5.8,rudder_0_elevator_0,raw_rudder_0_elevator_0.txt,0.0,0,40,2.5,8,1.999660151270639,2.0,0.00285,0.0583196428571428,0.0092047157622739,-0.0198333333333333,0.0212125,-0.02055,True,0.0439855992421506,0.2258404203693858,0.5459619331099399,-0.0822751300248626,-0.1369425879664135,-0.0640091873621519,-0.1369425879664135,0.007229438
19.0,8.0,2.0,25.0,2.496,8.005,415.39,101195.0,289.86,284.1,-5122.0,-413.4,2337.9,-114.5,2732.8,0.0,1.21622300997786,973.500884146731,40.01073828644778,39.72355927751169,446624.3700950521,98.43,98.43,6.52,6.78,0.0,21.407,21.859,30.494,30.118,101195.0,1.477966153200642e-05,2.0004392928848964,2.0004392928848964,2.7312473459338054,-48.142912101942734,115.27225835190949,-6.270643180953521,-4.683874037626978,-17.841965428168702,0.012918897815415,-0.227717699353539,0.5452419125706428,-0.0212377103827304,-0.1342886469436774,-0.0604280108893895,0.5452872354889872,-0.0108384481008774,0.1693980564963962,0.16697505792513187,0.5360371968083689,0.5283699461392986,0.0416548720051818,0.041059058231150095,0.223699720356187,0.22050001361795296,-0.0628746268093661,-0.061975294585143614,-0.1591423766402386,-0.15686607100130637,-0.1591423766402386,-0.043422582615153096,-0.042801484251847134,296.90000000000003,-5125.3,-404.4,2335.9,-140.1,2727.0,-12.8,3.3,-9.0,2.0,25.6,5.8,rudder_0_elevator_0,raw_rudder_0_elevator_0.txt,0.0,0,40,2.5,8,2.0004392928848964,2.0,0.00285,0.0583196428571428,0.0092047157622739,-0.0198333333333333,0.0212125,-0.02055,True,0.0445048720051818,0.227717699353539,0.5452419125706428,-0.0827079601426994,-0.1379298766402386,-0.0639725826151531,-0.1379298766402386,0.007229438
30.0,8.0,12.0,3.0,2.496,10.0,104.35,101189.0,289.23,275.9,-946.0,-97.8,526.8,108.5,479.3,0.0,1.2187999149132185,243.43693926644173,19.98674307357949,19.843287258627058,223954.8119558709,49.21,49.21,0.61,0.57,0.0,19.246,19.051,45.458,44.008,101189.0,1.472353087658888e-05,1.998779842933656,1.998779842933656,2.565396612103248,-9.397270636884524,28.90867164337575,0.0346801363503658,-1.6456958592041184,-3.110542281309145,0.0485253659171815,-0.1777526305781426,0.5468175419957251,0.000469706178459,-0.188683332688573,-0.0421290422023828,0.5484120189448478,0.0246656207803266,0.11583298772099981,0.11417616137034312,0.5378128262334512,0.5301201777077049,0.0724045769483922,0.07136893232455506,0.1666258273495302,0.16424248157830976,-0.0288152762675294,-0.028403114672108168,-0.2193728511106327,-0.21623503409071576,-0.2193728511106327,-0.0240185076625497,-0.023674957028298492,278.9,-956.7,-87.6,525.5999999999999,80.8,475.6,-3.0,10.7,-10.2,1.2,27.7,3.7,rudder_0_elevator_0,raw_rudder_0_elevator_0.txt,0.0,0,20,2.5,10,1.998779842933656,2.0,0.00625,0.0619196428571428,0.0090047157622739,-0.0189333333333333,0.0170125,-0.0201499999999999,True,0.0786545769483922,0.1777526305781426,0.5468175419957251,-0.0477486096008627,-0.2023603511106327,-0.0441685076625496,-0.2023603511106327,0.007229438
18.0,8.0,2.0,4.0,2.496,10.0,415.46,101192.0,289.85,104.2,-6118.5,-694.4,2709.2,-275.5,3205.9,0.0,1.2162289133388524,973.6661938368816,40.014038132906045,39.72683543916242,446675.3285531385,98.43,98.43,7.09,6.43,0.0,21.409,21.823,30.55,30.14,101192.0,1.4779194209807951e-05,2.000604277156577,2.000604277156577,0.9882850120363784,-58.29817614634724,116.96068544121565,-6.399412920426812,-4.962308336406782,-20.96031974134215,0.0046738298596078,-0.2757056447431462,0.5531343057494799,-0.0216701540181817,-0.1422473209441926,-0.0709773478775495,0.5528130711274231,-0.0194194045527236,0.21378600188600339,0.21072809680822513,0.544129589987206,0.5363465891288125,0.046228606664135204,0.045567372112715644,0.2707054544544336,0.2668333974607307,-0.0772599530210152,-0.07615485913943426,-0.1605771537634964,-0.1582803256758913,-0.1605771537634964,-0.0549491921803046,-0.054163222040512354,107.2,-6129.2,-684.1999999999999,2708.0,-303.2,3202.2000000000003,-3.0,10.7,-10.2,1.2,27.7,3.7,rudder_0_elevator_0,raw_rudder_0_elevator_0.txt,0.0,0,40,2.5,10,2.000604277156577,2.0,0.00625,0.0619196428571428,0.0090047157622739,-0.0189333333333333,0.0170125,-0.0201499999999999,True,0.0524786066641352,0.2757056447431462,0.5531343057494799,-0.0961932863543485,-0.1435646537634964,-0.0750991921803045,-0.1435646537634964,0.007229438
