run,hr,min,sec,AoA,AoS,dPb,pBar,temp,B1,B2,B3,B4,B5,B6,rpmWT,rho,q,V,Re,rpsM1,rpsM2,iM1,iM2,dPtQ,tM1,tM2,vM1,vM2,pInf,nu,J_M1,J_M2,FX,FY,FZ,MX,MY,MZ,CFX,CFY,CFZ,CMX,CMY,CMZ,CN,CT,CY,CL,CD,CYaw,CMroll,CMpitch,CMpitch25c,CMyaw,B1_zeroed,B2_zeroed,B3_zeroed,B4_zeroed,B5_zeroed,B6_zeroed,B1_zero,B2_zero,B3_zero,B4_zero,B5_zero,B6_zero,config,source_file,dR,dE,V_round,AoA_round,AoS_round,J,J_round,CT_props_total_BEM,CFt_thrust_BEM,Tc_star_BEM,CFt_aero_BEM,CD_aero_BEM,CL_aero_BEM,CYaw_aero_BEM,CT_props_total_EXP,CFt_thrust_EXP,Tc_star_EXP,CFt_aero_EXP,CD_aero_EXP,CL_aero_EXP,CYaw_aero_EXP,CT_propoff_inv,delta_CT,delta_T,CT_one_prop_delta,CT_both_prop_delta,propoff_match_found,CD_modeloff,CYaw_modeloff,CL_modeloff,CMroll_modeloff,CMpitch_modeloff,CMyaw_modeloff,modeloff_correction_found,CD_aero_BEM_uncorrected,CYaw_aero_BEM_uncorrected,CL_aero_BEM_uncorrected,CMroll_uncorrected,CMpitch_uncorrected,CMyaw_uncorrected,CMpitch25c_uncorrected,matched_fit_velocity,velocity_match_error,fit_found,fit_match_type,matched_fit_AoS,matched_fit_dR,matched_fit_source_row,CD0_fit,k_fit,esb,CL2_fit,CDi_fit,CDsep_fit,ewb
4.0,17.0,20.0,16.0,2.496,0.0,413.22,101106.0,290.81,788.1,1844.2,1294.7,283.5,422.4,-1323.6,0.0,1.2111837665772662,968.376508682172,39.98822250188802,443397.0123409999,98.44,98.43,6.44,7.87,0.0,21.129,21.653,28.525,28.589,101106.0,1.4878860687823469e-05,1.9991104588813853,1.9993135585927413,7.352540167190499,13.14918597295706,107.13484671210308,-2.542902906018317,-2.537051679296379,8.644608059925003,0.0349618126538645,0.0625252451647622,0.5094332508597899,-0.0086579981384831,-0.0731232540013728,0.0294328974628212,0.5104725077494743,0.0127430081841154,-0.0625252451647622,0.5094332508597899,0.0349618126538645,-0.0625252451647622,0.0081079636878203,-0.07608984467534341,-0.07608984467534341,0.026445392807218002,800.3666666666667,1849.4333333333332,1299.8666666666668,285.2333333333333,401.5,-1326.6999999999998,-12.266666666666666,-5.233333333333333,-5.166666666666667,-1.7333333333333336,20.9,3.1,rudder_m20_elevator_0,raw_rudder_m20_elevator_0.txt,-20.0,0.0,40,2.5,0.0,1.9991104588813853,2.0,0.20842110580285864,0.039656619544316735,0.13280310448371035,0.05239962772843214,0.06653080854965712,0.4949015035715006,-0.061044888021905094,0.15694778493628964,0.029862707865243063,0.10000500189791764,0.042605716049358464,0.06479618870369791,0.5081327406668364,-0.0625252451647622,,,,,,False,0.00805,-0.0014803571428571,0.0128047157622739,-0.0004333333333333,-0.0068874999999999,0.00335,True,0.07458080854965712,-0.0625252451647622,0.5077062193337745,0.007674630354487,-0.0829773446753433,0.029795392807218,-0.0829773446753433,40.0,0.0,True,exact_AoS_exact_dR,0.0,-20.0,328.0,0.04019709559015745,0.06095841114194795,0.007219591,0.244927498237332,0.014930391137520016,0.011403321821979654,0.002550098630537694
1.0,17.0,17.0,7.0,2.496,4.0,413.81,101101.0,290.5,809.5,-428.2,696.7,860.7,460.6,-25.3,0.0,1.2124162911880931,969.769728920426,39.99663253237486,444308.8042373147,98.44,98.42,6.9,6.8,0.0,20.503,20.594,28.612,28.743,101101.0,1.4851449705370646e-05,1.9995308971718089,1.9999372233041337,7.603355027514802,-7.216187417281273,106.82648115503552,-5.022943558004886,-2.312526063937661,0.1588977406771972,0.0361025125137948,-0.0342641499169136,0.5072371813163812,-0.0170773952470912,-0.066556190140589,0.0005402329311643,0.5083281987643795,0.0139782638606351,0.0342641499169136,0.5072371813163812,0.0384047148818611,0.0316623002035607,-0.020599676921507,-0.072744290456031,-0.072744290456031,0.0065254273898312,827.2,-431.7,703.5,860.6,438.8,-26.9,-17.7,3.5,-6.8,0.1,21.8,1.6,rudder_m20_elevator_0,raw_rudder_m20_elevator_0.txt,-20.0,0.0,40,2.5,4.0,1.9995308971718089,2.0,0.20826936314176822,0.039611084044726005,0.1326506140349693,0.05358934790536111,0.07043181941340874,0.4965074170827307,0.022782149281766032,0.15678871700010777,0.02981989742835348,0.09986163720903167,0.04379816128898858,0.06812375025514009,0.5059385355025655,0.029584142805870853,,,,,,False,0.00745,0.0061196428571428,0.0090047157622739,-0.0061333333333333,-0.0039875,-0.00715,True,0.07788181941340874,0.02890179213890883,0.5055121328450046,-0.0267330102548403,-0.076731790456031,-0.0006245726101688,-0.076731790456031,40.0,0.0,True,exact_AoS_exact_dR,4.0,-20.0,346.0,0.0441704734172974,0.05868081153313677,0.007219591,0.2465196152181647,0.014465971079838519,0.011795374916272826,0.002705749273588078
2.0,17.0,18.0,4.0,2.496,8.0,413.45,101104.0,290.63,508.3,-2894.0,101.3,1653.4,181.6,1226.0,0.0,1.211909932667162,968.9196246045556,39.98744921210356,443867.2703991036,98.42,98.43,7.98,6.06,0.0,20.618,20.945,28.89,28.665,101104.0,1.4862809760720225e-05,1.9994780330453228,1.999274895990253,4.792262915720875,-31.173048377339043,112.0740194845113,-7.826694062111748,-3.01456195211257,-8.001160292735243,0.0227747524649654,-0.1481468093170123,0.5326206212810651,-0.0266331516102841,-0.0868374181123607,-0.0272268359339839,0.5331071373955024,-0.0004422913531882,0.1481468093170123,0.5326206212810651,0.0431711609895367,0.1435354218284363,-0.0473048344472705,-0.1144690496971241,-0.1144690496971241,-0.009629311195327901,521.1,-2897.3,110.3,1651.4,156.0,1220.2,-12.8,3.3,-9.0,2.0,25.6,5.8,rudder_m20_elevator_0,raw_rudder_m20_elevator_0.txt,-20.0,0.0,40,2.5,8.0,1.9994780330453228,2.0,0.20828844526085552,0.039616808075144824,0.13266978281482278,0.039174516721956626,0.07951520091703237,0.5216906077679475,0.0797074158845244,0.1567963813772777,0.029822932040811705,0.09987179959705132,0.029380640687623506,0.07267583958316397,0.5313218433109677,0.13938880967126216,,,,,,False,0.00285,0.0583196428571428,0.0092047157622739,-0.0198333333333333,0.0212125,-0.02055,True,0.08236520091703238,0.1380270587416672,0.5308953235302214,-0.0671381677806038,-0.0932565496971241,-0.0301793111953279,-0.0932565496971241,40.0,0.0,True,exact_AoS_exact_dR,8.0,-20.0,371.0,0.05594063441392008,0.0527568252102957,0.007219591,0.27216109023329044,0.01435835506648122,0.009216211436631074,0.0026762211853725588
3.0,17.0,18.0,49.0,2.496,10.0,413.27,101103.0,290.71,330.1,-3931.4,-197.7,2031.0,31.8,1709.0,0.0,1.211564445727421,968.4945769444824,39.98437706931307,443611.97787620977,98.43,98.43,7.14,7.02,0.0,20.79,21.22,28.855,28.611,101103.0,1.4870220568739444e-05,1.999121296346392,1.999121296346392,3.065151877192533,-41.8584898958199,113.32130386928944,-8.123402393455388,-3.16332361165506,-11.18160035468108,0.014573222189432,-0.1990156110386959,0.5387845712871872,-0.0276549405316352,-0.0911626352509436,-0.0380661301607249,0.5389080657471974,-0.0089044783516518,0.1990156110386959,0.5387845712871873,0.0489105203826623,0.1934615032454396,-0.06307752683451259,-0.1122826411828681,-0.1122826411828681,-0.021527214299849797,333.1,-3942.1,-187.5,2029.8,4.100000000000001,1705.3,-3.0,10.7,-10.2,1.2,27.7,3.7,rudder_m20_elevator_0,raw_rudder_m20_elevator_0.txt,-20.0,0.0,40,2.5,10.0,1.999121296346392,2.0,0.20841719499802022,0.03965544547228053,0.13279917272116762,0.030750967120628733,0.08167645956911558,0.5280528751293132,0.12466229763204437,0.15693751115899085,0.02986042930085445,0.09999737138306158,0.020955950949202648,0.07828940340385779,0.5374841603248939,0.18828121350572496,,,,,,False,0.00625,0.0619196428571428,0.0090047157622739,-0.0189333333333333,0.0170125,-0.0201499999999999,True,0.08792645956911559,0.18658194048918716,0.5370575908915871,-0.0820108601678459,-0.0952701411828681,-0.0416772142998497,-0.0952701411828681,40.0,0.0,True,exact_AoS_exact_dR,10.0,-20.0,389.0,0.05903268874274865,0.05113703453127525,0.007219591,0.27883983893233405,0.014259042472177996,0.008384728354188938,0.0026482747569534053
1.0,12.0,48.0,53.0,-4.996,0.0,414.34,101170.0,290.45,-619.2,925.6,-346.6,-912.5,45.0,-701.9,0.0,1.2134526039979827,971.0212932130448,40.00533998428826,444844.7576862209,123.02,123.03,17.46,17.61,0.0,19.691,20.772,34.09,33.511,101170.0,1.48367858629074e-05,1.6003631373030802,1.6002330582055182,-5.863858106526021,6.0197828451074695,-75.94717092998704,-2.828415237606084,6.252893085297141,4.53287020069566,-0.0278070860169263,0.0285464989664102,-0.3601501735592838,-0.0096038721582797,0.1797308758151738,0.0153913418859964,-0.3563602706027733,-0.0590655490404786,-0.0285464989664102,-0.3601501735592838,-0.0278070860169263,-0.0285464989664102,0.0013883357312066999,0.18611838554908058,0.18611838554908058,0.0127685433165537,-638.1,914.8,-337.0,-902.8,7.600000000000001,-695.6999999999999,18.9,10.8,-9.6,-9.7,37.4,-6.2,rudder_m10_elevator_0,raw_rudder_m10_elevator_0.txt,-10.0,0.0,40,-5.0,0.0,1.6003631373030802,1.6,0.32707341345439134,0.09710816385562826,0.32519830935989225,0.03804261481514966,0.06303214258787729,-0.37534339306319103,-0.0323964989664102,0.3147856794311225,0.09345993309194878,0.3129810206233124,0.034394384051470175,0.06529777225444819,-0.35201110359897464,-0.0285464989664102,,,,,,False,0.0059,0.00385,0.02365,-0.0015999999999999,0.00145,0.0026999999999999,True,0.06893214258787729,-0.0285464989664102,-0.35169339306319103,-0.0002116642687932,0.1875683855490806,0.0154685433165536,0.1875683855490806,40.0,0.0,True,exact_AoS_exact_dR,0.0,-10.0,329.0,0.03769917476265525,0.06134922519473465,0.007219591,0.14088266271618913,0.008643042201009334,0.0166899256242127,0.003177961351007695
8.0,12.0,53.0,8.0,-4.995,0.0,413.7,101161.0,290.67999999999995,1533.2,1283.8,-582.9,-1291.7,1682.5,-929.6,0.0,1.2123845995887763,969.5099735513668,39.991798252437086,444030.19039940194,82.02,82.03,1.03,0.87,0.0,23.786,23.813,31.732,30.434,101161.0,1.485897230570449e-05,2.39953707351704,2.399244554063971,13.93759241652099,8.934983625828313,-73.44884085980564,-2.124256591667887,6.653740646990737,6.014379200644172,0.0661966878525451,0.0424367641390819,-0.3488457580209146,-0.0072241482378736,0.1915508258418861,0.0204536340264445,-0.3532846132175095,0.0355717083591513,-0.0424367641390819,-0.3488457580209146,0.0661966878525451,-0.0424367641390819,0.008099664366782,0.1714430928783923,0.1714430928783923,0.0172635314995845,1514.3,1273.0,-573.3,-1282.0,1645.1,-923.4,18.9,10.8,-9.6,-9.7,37.4,-6.2,rudder_m10_elevator_0,raw_rudder_m10_elevator_0.txt,-10.0,0.0,40,-5.0,0.0,2.39953707351704,2.4,0.04553364001693702,0.0060134682012961006,0.020138056521780502,0.0415851765604474,0.0662873187060853,-0.3719721725125102,-0.0462867641390819,-0.016867464746895322,-0.002227626933717766,-0.007459934200862679,0.03334408142543353,0.06397752077747337,-0.3490397148427657,-0.0424367641390819,,,,,,False,0.0059,0.00385,0.02365,-0.0015999999999999,0.00145,0.0026999999999999,True,0.0721873187060853,-0.0424367641390819,-0.3483221725125102,0.0064996643667821,0.1728930928783923,0.0199635314995844,0.1728930928783923,40.0,0.0,True,exact_AoS_exact_dR,0.0,-10.0,329.0,0.03769917476265525,0.06134922519473465,0.007219591,0.13836329712367665,0.00848848107392642,0.020099662869503626,0.0036251805114407808
14.0,12.0,58.0,17.0,2.496,0.0,103.96,101160.0,290.57,268.1,288.8,271.3,103.3,158.7,-204.0,0.0,1.2128315782593753,242.52716310066285,19.99838583806929,222189.75821228168,49.21,49.21,0.66,0.72,0.0,22.505,22.863,33.762,32.572,101160.0,1.4849138116813831e-05,1.999944180859678,1.999944180859678,2.5767467469310907,2.137724556013921,26.801435904178973,-0.5173985545754108,-0.9250226123674568,1.3495768238307124,0.0489228930172394,0.0405874849279441,0.5088601675776615,-0.0070339095593826,-0.1064541027068845,0.0183471740272914,0.5105079682031981,0.0267158007438398,-0.0405874849279441,0.5088601675776616,0.0489228930172394,-0.0405874849279441,0.0040359341099927,-0.11335566532207911,-0.11335566532207911,0.015171638134411398,280.3666666666667,294.03333333333336,276.4666666666667,105.03333333333332,137.79999999999998,-207.1,-12.266666666666666,-5.233333333333333,-5.166666666666667,-1.7333333333333336,20.9,3.1,rudder_m10_elevator_0,raw_rudder_m10_elevator_0.txt,-10.0,0.0,20,2.5,0.0,1.999944180859678,2.0,0.20812015586843777,0.0395663484212079,0.13250080223173227,0.06628214916504771,0.08040170343335544,0.4943323515643346,-0.039107127785086994,0.12104498239692771,0.023012225452989567,0.07706393072210428,0.04972802619682937,0.07191328595166967,0.5078579934312578,-0.0405874849279441,,,,,,False,0.00805,-0.0014803571428571,0.0128047157622739,-0.0004333333333333,-0.0068874999999999,0.00335,True,0.08845170343335544,-0.0405874849279441,0.5071370673266085,0.0036026007766594,-0.120243165322079,0.0185216381344114,-0.120243165322079,20.0,0.0,True,exact_AoS_flipped_dR,0.0,10.0,67.0,0.04373272517726485,0.06222869757779773,0.007219591,0.24436447380312487,0.015206482939052334,0.021462495317038255,0.003962200220145588
2.0,12.0,49.0,35.0,2.496,0.0,413.86,101166.0,290.54,-771.0,962.8,1381.8,789.4,-903.6,-719.9,0.0,1.213028753275484,969.8877999129204,39.98896818151591,444400.6220198101,123.03,123.03,17.58,17.93,0.0,21.089,22.581,34.074,33.579,101166.0,1.4845535922040316e-05,1.5995781781312823,1.5995781781312823,-6.990728382745571,6.523632102842962,110.93256468921332,-2.7001902292649187,-4.624381133196843,4.712499290059566,-0.0331895766717983,0.0309719640074008,0.5266697058691712,-0.0091791997468383,-0.1330768662458155,0.0160199721565789,0.5247246414124537,-0.0560943649090021,-0.0309719640074008,0.5266697058691712,-0.0331895766717983,-0.0309719640074008,-0.0007135638442168002,-0.11683478554393521,-0.11683478554393521,0.0126351909171814,-758.7333333333333,968.0333333333332,1386.9666666666667,791.1333333333333,-924.5,-723.0,-12.266666666666666,-5.233333333333333,-5.166666666666667,-1.7333333333333336,20.9,3.1,rudder_m10_elevator_0,raw_rudder_m10_elevator_0.txt,-10.0,0.0,40,2.5,0.0,1.5995781781312823,1.6,0.3272497892692787,0.09725591222074038,0.32569309287383647,0.04116154731173829,0.05592406539832587,0.509629530089714,-0.0294916068645437,0.23677195059741607,0.070366652015435,0.23564564875056124,0.014272287106432906,0.03711031599264643,0.5236052634681995,-0.0309719640074008,,,,,,False,0.00805,-0.0014803571428571,0.0128047157622739,-0.0004333333333333,-0.0068874999999999,0.00335,True,0.06397406539832587,-0.0309719640074008,0.5224342458519879,-0.0011468971775501,-0.1237222855439351,0.0159851909171814,-0.1237222855439351,40.0,0.0,True,exact_AoS_exact_dR,0.0,-10.0,329.0,0.03769917476265525,0.06134922519473465,0.007219591,0.25972225793946274,0.01593375929041306,0.0022911313452575535,0.0012894238405070561
6.0,12.0,51.0,49.0,2.5,0.0,413.69,101165.0,290.56,1463.3,1116.6,1019.6,387.3,894.7,-788.7,0.0,1.2129332677003728,969.4863594824362,39.98226519445301,444267.4437195616,82.02,82.02,0.56,1.3,0.0,24.587,25.399,31.31,30.092,101165.0,1.4847497008520386e-05,2.398965083082591,2.398965083082591,13.564576907358653,8.13735951383032,108.25829926690729,-1.7090309731480768,-2.950725960654127,5.158883014585127,0.064426617431768,0.0386493844874657,0.5141860360494673,-0.0058121951293063,-0.084948871870768,0.0175446994239085,0.51650689445984,0.0419368176834542,-0.0386493844874657,0.5141860360494674,0.064426617431768,-0.0386493844874657,0.0047444566820065,-0.0962202052320491,-0.0962202052320491,0.014399641709142501,1475.5666666666666,1121.8333333333333,1024.7666666666669,389.03333333333336,873.8000000000001,-791.8000000000001,-12.266666666666666,-5.233333333333333,-5.166666666666667,-1.7333333333333336,20.9,3.1,rudder_m10_elevator_0,raw_rudder_m10_elevator_0.txt,-10.0,0.0,40,2.5,0.0,2.398965083082591,2.4,0.04578788165079259,0.006049928966354256,0.020260157266806515,0.047986746649808454,0.06242078820630079,0.5011174260920773,-0.0371690273446086,-0.01652675255564294,-0.0021836712117129075,-0.007312734151812993,0.03975314647174129,0.06224502459118672,0.5142812864499297,-0.0386493844874657,,,,,,False,0.00805,-0.0014803571428571,0.0128047157622739,-0.0004333333333333,-0.0068874999999999,0.00335,True,0.07047078820630079,-0.0386493844874657,0.5139221418543513,0.0043111233486732,-0.103107705232049,0.0177496417091425,-0.103107705232049,40.0,0.0,True,exact_AoS_exact_dR,0.0,-10.0,329.0,0.03769917476265525,0.06134922519473465,0.007219591,0.2511186747331486,0.015405936126807256,0.009315677316838277,0.0022107592179390206
9.0,12.0,53.0,59.0,2.496,0.0,413.54,101159.0,290.77,1865.9,1091.5,919.7,346.8,1221.5,-810.7,0.0,1.211985376693565,969.1321495590578,39.99058970785869,443764.0522338207,70.31,70.3,-1.01,-1.26,0.0,23.067,22.935,28.808,27.539,101159.0,1.4867434357483653e-05,2.7990909288574315,2.7994890925741966,17.268846134261,7.467939246343539,107.68374833889236,-1.4638838402521142,-2.612897888347991,5.299999175943435,0.0820504751084512,0.0354828549909804,0.5116440695557287,-0.0049803007687443,-0.075250584589141,0.0180312052394468,0.514731923286115,0.0596907155866557,-0.0354828549909804,0.5116440695557287,0.0820504751084512,-0.0354828549909804,0.0046639647942947,-0.0914892545496585,-0.0914892545496585,0.014882745774634198,1878.1666666666667,1096.7333333333331,924.8666666666668,348.53333333333336,1200.6,-813.8000000000001,-12.266666666666666,-5.233333333333333,-5.166666666666667,-1.7333333333333336,20.9,3.1,rudder_m10_elevator_0,raw_rudder_m10_elevator_0.txt,-10.0,0.0,40,2.5,0.0,2.7990909288574315,2.8,-0.1411306679761846,-0.013697299786848601,-0.04586986877953013,0.0459934157998071,0.06031617043815135,0.4994358662754816,-0.0340024978481233,-0.20045875247197653,-0.019455329354564368,-0.06515250585471266,0.04023538623209133,0.06261360371833177,0.5124913421556233,-0.0354828549909804,,,,,,False,0.00805,-0.0014803571428571,0.0128047157622739,-0.0004333333333333,-0.0068874999999999,0.00335,True,0.06836617043815135,-0.0354828549909804,0.5122405820377555,0.0042306314609614,-0.0983767545496584,0.0182327457746342,-0.0983767545496584,40.0,0.0,True,exact_AoS_exact_dR,0.0,-10.0,329.0,0.03769917476265525,0.06134922519473465,0.007219591,0.24943618452234073,0.015302716655976469,0.007314279019519629,0.0019482569774936038
10.0,12.0,54.0,31.0,2.496,0.0,413.52,101160.0,290.76,666.6,1017.6,1128.5,547.2,255.6,-757.8,0.0,1.2120390414597149,969.0849217266068,39.98872997496133,443774.89473037096,98.43,98.43,7.41,6.7,0.0,22.707,22.598,30.171,28.596,101160.0,1.4866379727834744e-05,1.9993389310082328,1.9993389310082328,6.235263793043559,6.93631427386736,109.03741205687894,-2.125878060142752,-3.5196654680835637,4.957148835961805,0.0296274160721898,0.0329585204123379,0.518101059019845,-0.0072328335232335,-0.1013701273480528,0.0168656109457166,0.5188997813973568,0.0070361926050199,-0.0329585204123379,0.518101059019845,0.0296274160721898,-0.0329585204123379,0.0017535141334841,-0.1028332025113387,-0.1028332025113387,0.013589175144262498,678.8666666666667,1022.8333333333334,1133.6666666666667,548.9333333333334,234.7,-760.9,-12.266666666666666,-5.233333333333333,-5.166666666666667,-1.7333333333333336,20.9,3.1,rudder_m10_elevator_0,raw_rudder_m10_elevator_0.txt,-10.0,0.0,40,2.5,0.0,1.9993389310082328,2.0,0.20833865265074977,0.03963187172547588,0.13272022835334346,0.04666806433049578,0.0611716876282794,0.5035703894901703,-0.031478163269480795,0.15685517801734405,0.029838266762150397,0.0999231529051137,0.0368744593671703,0.059437374207076225,0.5168016132281456,-0.0329585204123379,,,,,,False,0.00805,-0.0014803571428571,0.0128047157622739,-0.0004333333333333,-0.0068874999999999,0.00335,True,0.0692216876282794,-0.0329585204123379,0.5163751052524442,0.0013201808001508,-0.1097207025113386,0.0169391751442625,-0.1097207025113386,40.0,0.0,True,exact_AoS_exact_dR,0.0,-10.0,329.0,0.03769917476265525,0.06134922519473465,0.007219591,0.25358313717128184,0.015557128987908257,0.007915383877715893,0.0020270975422280414
3.0,12.0,50.0,6.0,5.0,0.0,413.63,101164.0,290.54,-491.3,1047.4,1891.8,1217.9,-920.9,-726.5,0.0,1.2130047723183783,969.3446752632036,39.97816513643388,444271.7837110666,123.03,123.04,18.03,17.84,0.0,22.172,23.819,34.14,33.543,101164.0,1.484582941648344e-05,1.5991460510733362,1.5990160814658043,-4.364830890246677,7.858146113947765,168.10040129620748,-2.60576746799696,-8.232339981058223,4.798590615121405,-0.0207343284701183,0.0373286816350332,0.7985301204274832,-0.0088631762239995,-0.2370366549851055,0.0163217765096072,0.7936843564382348,-0.0902519138426588,-0.0373286816350332,0.7985301204274833,-0.0207343284701183,-0.0373286816350332,0.0008291776632762,-0.22654262295989952,-0.22654262295989952,0.0131041734917628,-472.7,1061.8000000000002,1906.8,1228.9,-990.0,-735.9,-18.6,-14.4,-15.0,-11.0,69.1,9.4,rudder_m10_elevator_0,raw_rudder_m10_elevator_0.txt,-10.0,0.0,40,5.0,0.0,1.5991460510733362,1.6,0.327346776933521,0.09733732052066292,0.3259657150762501,0.007085406678004114,0.06843259415902296,0.7831966139604382,-0.0355786816350332,0.23684230184307603,0.07042560572402676,0.2358430744417012,-0.01982630811863205,0.049423286562056835,0.792392124452152,-0.0373286816350332,,,,,,False,0.0078,-0.00175,0.0068499999999999,-0.0006,-0.00465,0.0033,True,0.07623259415902296,-0.0373286816350332,0.7900466139604381,0.0002291776632762,-0.2311926229598995,0.0164041734917628,-0.2311926229598995,40.0,0.0,True,exact_AoS_exact_dR,0.0,-10.0,329.0,0.03769917476265525,0.06134922519473465,0.007219591,0.6133969361190956,0.037631426767730666,0.0,0.0009889203814551597
7.0,12.0,52.0,23.0,5.0,0.0,414.28,101164.0,290.61,1713.7,1084.2,1474.8,845.3,887.8,-748.0,0.0,1.2127125926478155,970.879605384417,40.01462427267264,444486.8103838272,82.03,82.03,0.92,1.24,0.0,24.354,24.736,31.294,30.089,101164.0,1.4852180033961034e-05,2.4006139649715625,2.4006139649715625,15.921340567297715,8.188957535811644,164.133727791848,-1.6021323411107302,-6.145487512571767,4.93542251791976,0.0755118369157709,0.0388386407124846,0.7784545046949632,-0.005440827596385,-0.176669428196451,0.0167606522546704,0.7820735405153924,0.0073777110267096,-0.0388386407124846,0.7784545046949634,0.0755118369157709,-0.0388386407124846,0.0046242196426752,-0.1933026635736599,-0.1933026635736599,0.0138767488216762,1732.3,1098.6,1489.8,856.3,818.6999999999999,-757.4,-18.6,-14.4,-15.0,-11.0,69.1,9.4,rudder_m10_elevator_0,raw_rudder_m10_elevator_0.txt,-10.0,0.0,40,5.0,0.0,2.4006139649715625,2.4,0.045054844546375844,0.005944898127144525,0.01990842729905185,0.013322609153854125,0.07363411291072779,0.771086372683133,-0.0370886407124846,-0.017417770823645987,-0.002298240604114009,-0.0076964070711014266,0.005079470422595591,0.07322234181101332,0.7786548095618278,-0.0388386407124846,,,,,,False,0.0078,-0.00175,0.0068499999999999,-0.0006,-0.00465,0.0033,True,0.08143411291072779,-0.0388386407124846,0.7779363726831329,0.0040242196426752,-0.1979526635736599,0.0171767488216762,-0.1979526635736599,40.0,0.0,True,exact_AoS_exact_dR,0.0,-10.0,329.0,0.03769917476265525,0.06134922519473465,0.007219591,0.5945741941376315,0.03647666613112743,0.0,0.0009889203814551597
4.0,12.0,50.0,33.0,7.0,0.0,414.06,101163.0,290.53,-141.4,1127.5,2249.5,1517.9,-865.5,-747.6,0.0,1.213034532873517,970.3600861966114,39.998608010003394,444521.7309905815,123.03,123.02,17.53,17.67,0.0,23.143,24.81,33.986,33.596,101163.0,1.4845069010817224e-05,1.5999637759596514,1.600093833167907,-1.046251206337523,8.943031340698054,209.65657465396708,-2.436251313562471,-11.60317390775628,4.965696098499293,-0.0049648236664727,0.04243777534626,0.9948929256840732,-0.0082779179511931,-0.333744654313394,0.0168724895683398,0.9868720848825472,-0.1261747642352794,-0.04243777534626,0.994892925684073,-0.0049648236664727,-0.04243777534626,0.0009996010509159999,-0.3302953040258658,-0.3302953040258658,0.0135956053327109,-111.55,1149.55,2273.85,1535.2,-980.85,-761.35,-29.85,-22.05,-24.35,-17.3,115.35,13.75,rudder_m10_elevator_0,raw_rudder_m10_elevator_0.txt,-10.0,0.0,40,7.0,0.0,1.5999637759596514,1.6,0.3271631795023171,0.0971833124263933,0.32544996882077903,-0.0289914518088861,0.08549409908610024,0.9760992592087312,-0.037987775346259994,0.2367093602560089,0.07031414643605537,0.23546981671988249,-0.055860617799224035,0.06482521178457845,0.9863237868258176,-0.04243777534626,,,,,,False,0.006,-0.00445,0.00695,0.0006,-0.0020499999999999,0.0036,True,0.09149409908610025,-0.04243777534626,0.9830492592087312,0.001599601050916,-0.3323453040258657,0.0171956053327109,-0.3323453040258657,40.0,0.0,True,exact_AoS_exact_dR,0.0,-10.0,329.0,0.03769917476265525,0.06134922519473465,0.007219591,0.9527697638278338,0.05845168679980793,0.0,0.0009889203814551597
5.0,12.0,51.0,18.0,7.0,0.0,413.96,101166.0,290.53,2015.5,1043.1,1781.3,1170.6,937.9,-713.9,0.0,1.2130705055473072,970.1239425920228,39.99314775350808,444474.2293538968,82.02,82.03,1.08,1.11,0.0,24.435,25.753,31.534,30.336,101166.0,1.4844628791701782e-05,2.3996180445659068,2.3993255152419315,18.797838346099773,8.021141840044894,203.97392290823905,-1.5138079582111554,-9.123164580056397,4.741668226266762,0.0892239546702947,0.0380723561275151,0.9681623874195604,-0.0051448831613968,-0.2624754733317163,0.0161152072704637,0.9718195165688388,-0.029430421622161,-0.0380723561275151,0.9681623874195604,0.0892239546702947,-0.0380723561275151,0.0029803370686450003,-0.28557350979984664,-0.28557350979984664,0.0130758397791561,2045.35,1065.15,1805.65,1187.9,822.55,-727.65,-29.85,-22.05,-24.35,-17.3,115.35,13.75,rudder_m10_elevator_0,raw_rudder_m10_elevator_0.txt,-10.0,0.0,40,7.0,0.0,2.3996180445659068,2.4,0.04549764558680011,0.006008309042140326,0.02012077939729825,-0.023422112580020676,0.0891874786879429,0.9604801587416194,-0.033622356127515095,-0.016915736543477125,-0.0022338512579675933,-0.007480778377526971,-0.031664272880128595,0.0870067542008599,0.9684346254056335,-0.0380723561275151,,,,,,False,0.006,-0.00445,0.00695,0.0006,-0.0020499999999999,0.0036,True,0.0951874786879429,-0.0380723561275151,0.9674301587416194,0.003580337068645,-0.2876235097998465,0.0166758397791561,-0.2876235097998465,40.0,0.0,True,exact_AoS_exact_dR,0.0,-10.0,329.0,0.03769917476265525,0.06134922519473465,0.007219591,0.9225221353363264,0.056596018227875765,0.0,0.0009889203814551597
16.0,12.0,59.0,28.0,2.496,4.0,104.27,101161.0,290.38,251.5,-323.8,109.2,268.3,155.2,140.9,0.0,1.2136371492818565,243.25031736688445,20.02153057898999,222707.5819986702,49.21,49.21,0.53,0.55,0.0,22.222,22.274,33.817,32.539,101161.0,1.4831757361445155e-05,2.0022587771624334,2.0022587771624334,2.475133974909163,-3.503507577049044,26.876405087964507,-1.2189768256855698,-0.8734758533057256,-0.9127058359163172,0.0468539356873264,-0.0663209023669683,0.5087665428471353,-0.0165224326108418,-0.1002231224954376,-0.0123711299096832,0.5103243299497895,0.0246528836308535,0.0663209023669683,0.5087665428471353,0.0513661141395108,0.0628909826474973,-0.0285096743174806,-0.1094415433458905,-0.1094415433458905,-0.0067430012254304,269.2,-327.3,116.0,268.2,133.39999999999998,139.3,-17.7,3.5,-6.8,0.1,21.8,1.6,rudder_m10_elevator_0,raw_rudder_m10_elevator_0.txt,-10.0,0.0,20,2.5,4.0,2.0022587771624334,2.0,0.2072836633398236,0.039316263832649384,0.1316633125484024,0.06396914746350288,0.08309939565129411,0.4980496179277434,0.05403137783275044,0.12034453380393652,0.022826195589258188,0.07644094914389388,0.047479079220111686,0.07411510299114704,0.5077724702344258,0.06130021838216396,,,,,,False,0.00745,0.0061196428571428,0.0090047157622739,-0.0061333333333333,-0.0039875,-0.00715,True,0.0905493956512941,0.06015102068989324,0.5070543336900173,-0.0346430076508139,-0.1134290433458905,-0.0138930012254304,-0.1134290433458905,20.0,0.0,True,exact_AoS_flipped_dR,4.0,10.0,84.0,0.049698849396538625,0.06067723443210956,0.007219591,0.24805342191797117,0.01505119563340372,0.018349350621351762,0.0037103846453763537
11.0,12.0,55.0,43.0,2.496,3.995,413.52,101162.0,290.77,672.2,-1333.6,511.3,1154.4,265.1,596.1,0.0,1.212021319675703,969.0849217266068,39.98902232503535,443759.81931502215,98.43,98.44,7.72,6.66,0.0,22.373,22.495,30.201,28.654,101162.0,1.4866993457708316e-05,1.9993535477986348,1.9991504440249863,6.340779573675689,-14.00086109713548,108.68821264708312,-4.408266726533726,-3.5150867360559093,-3.8941736768773074,0.0301287837831209,-0.0665263493032253,0.5164418066530524,-0.0149981600341117,-0.1012382549718441,-0.0132490712630621,0.517263937606016,0.0076093444946642,0.0665263493032253,0.5164418066530524,0.0346904270152093,0.0642656443005688,-0.027006464733616,-0.1057426421126703,-0.1057426421126703,-0.007556249899788,689.9000000000001,-1337.1,518.1,1154.3000000000002,243.3,594.5,-17.7,3.5,-6.8,0.1,21.8,1.6,rudder_m10_elevator_0,raw_rudder_m10_elevator_0.txt,-10.0,0.0,40,2.5,4.0,1.9993535477986348,2.0,0.20833337712414576,0.03963028871065675,0.13271492711272231,0.04723963320532095,0.06673691212149739,0.505711206063104,0.05538760170800571,0.1568496480675196,0.02983677854641888,0.0999181691301082,0.03744612304108308,0.06442646775117696,0.515142425672613,0.0621889054039858,,,,,,False,0.00745,0.0061196428571428,0.0090047157622739,-0.0061333333333333,-0.0039875,-0.00715,True,0.07418691212149739,0.061507244565148514,0.514715921825378,-0.0331397980669493,-0.1097301421126703,-0.014706249899788,-0.1097301421126703,40.0,0.0,True,exact_AoS_exact_dR,4.0,-10.0,347.0,0.0412956424338357,0.05945782119361942,0.007219591,0.25574382393779926,0.015205970555066155,0.010235299132595539,0.0024257184051482937
15.0,12.0,59.0,1.0,2.496,8.0,103.89,101163.0,290.42,170.3,-953.6,-43.8,475.5,76.0,466.9,0.0,1.2134939840084806,242.363871432735,19.986195193269104,222264.5655347002,49.21,49.21,0.94,0.89,0.0,22.399,22.546,33.945,32.565,101163.0,1.4835091647499656e-05,1.9987250520096569,1.9987250520096569,1.684274144551488,-9.579769714061449,28.199184847037422,-1.8496369835160125,-1.114657255373969,-3.016480855092828,0.031999683419864,-0.182006948854992,0.5357589741091229,-0.0251623138482347,-0.1283641966584538,-0.0410359647160353,0.5366442551834179,0.0086372134433541,0.182006948854992,0.5357589741091229,0.0570187361689597,0.1757821745688958,-0.0547685360276957,-0.1585959024153051,-0.1585959024153051,-0.023776903823690604,183.1,-956.9,-34.8,473.5,50.4,461.1,-12.8,3.3,-9.0,2.0,25.6,5.8,rudder_m10_elevator_0,raw_rudder_m10_elevator_0.txt,-10.0,0.0,20,2.5,8.0,1.9987250520096569,2.0,0.2085601628632445,0.03969838351754042,0.13294296474823647,0.04833559696089452,0.09344348101191151,0.5248254080148124,0.11194282628880112,0.12141077242693828,0.02310993308020107,0.07739113652972297,0.03174714652355517,0.0798820531264765,0.5347525448306764,0.17256894491962105,,,,,,False,0.00285,0.0583196428571428,0.0092047157622739,-0.0198333333333333,0.0212125,-0.02055,True,0.09629348101191151,0.17026246914594392,0.5340301237770863,-0.074601869361029,-0.1373834024153051,-0.0443269038236906,-0.1373834024153051,20.0,0.0,True,exact_AoS_flipped_dR,8.0,10.0,108.0,0.06289204795950465,0.0605110845783555,0.007219591,0.27544170889791425,0.016667276543528464,0.013884156508878396,0.0034708148291601876
12.0,12.0,56.0,44.0,2.496,8.0,413.7,101158.0,290.82,371.0,-3870.9,-104.7,1968.5,-14.2,1896.0,0.0,1.2117650239582876,969.5099735513668,40.002020851990096,443751.0461959339,98.41,98.43,6.55,6.35,0.0,22.319,22.624,30.385,28.659,101158.0,1.48721200307355e-05,2.0004099058889744,2.000003442431514,3.529735491688512,-38.499242528611845,113.97959030959562,-7.09915120807301,-4.222219297459297,-12.37521527562076,0.01676450218679,-0.1828524083689695,0.5413468220193964,-0.02414271462843,-0.1215511148123358,-0.0420854947454765,0.5415633150370034,-0.0068268623980856,0.1828524083689695,0.5413468220193964,0.0420494878946521,0.178739733544897,-0.053942266676880804,-0.1474887395159128,-0.1474887395159128,-0.024791412620576,383.8,-3874.2,-95.7,1966.5,-39.8,1890.2,-12.8,3.3,-9.0,2.0,25.6,5.8,rudder_m10_elevator_0,raw_rudder_m10_elevator_0.txt,-10.0,0.0,40,2.5,8.0,2.0004099058889744,2.0,0.2079519601697852,0.03951596600041271,0.13233208028896734,0.03268910360232711,0.0782937618769477,0.5304212001423844,0.11492574879019837,0.15642965749994356,0.02972546650763489,0.09954540452014426,0.022898604109549293,0.07145774105209468,0.5400522886382335,0.1746066730990108,,,,,,False,0.00285,0.0583196428571428,0.0092047157622739,-0.0198333333333333,0.0212125,-0.02055,True,0.0811437618769477,0.17324539164734118,0.5396259159046582,-0.0737756000102141,-0.1262762395159128,-0.045341412620576,-0.1262762395159128,40.0,0.0,True,exact_AoS_exact_dR,8.0,-10.0,372.0,0.053095900892464104,0.05384965327530762,0.007219591,0.2813466495604874,0.015150419529001724,0.01004744145548187,0.002710622112861898
17.0,13.0,0.0,17.0,2.496,9.995,103.97,101163.0,290.31,312.0,-599.3,-14.8,428.2,136.3,244.5,0.0,1.2139537833203915,242.55049051881485,19.990101533520384,222457.5841877914,49.21,49.21,0.64,0.94,0.0,21.864,21.785,34.037,32.643,101163.0,1.4825116789482283e-05,1.9991157066613503,1.9991157066613503,2.897264657653516,-6.760642079788343,28.62581442528408,-0.1279650639005697,-1.6349854652786002,-1.579016739304423,0.0550030525480862,-0.1283472500833133,0.5434460986870463,-0.0017394871153176,-0.1881404507115604,-0.0214642902458533,0.5453258751688899,0.0312839869432064,0.1283472500833133,0.5434460986870463,0.0764445016296992,0.1168528586049268,-0.018010474191698104,-0.22065572433831898,-0.22065572433831898,-0.0029450909195691995,315.0,-610.0,-4.600000000000001,427.0,108.6,240.8,-3.0,10.7,-10.2,1.2,27.7,3.7,rudder_m10_elevator_0,raw_rudder_m10_elevator_0.txt,-10.0,0.0,20,2.5,10.0,1.9991157066613503,2.0,0.20841921209431621,0.03965605102623776,0.1328012006157884,0.07094003796944416,0.10921163682031071,0.532714376157515,0.048056952799134856,0.12129355956895019,0.023078599804146713,0.07728620685136212,0.054362586747353114,0.09915127210396144,0.5424410339615088,0.11285108544211343,,,,,,False,0.00625,0.0619196428571428,0.0090047157622739,-0.0189333333333333,0.0170125,-0.0201499999999999,True,0.11546163682031071,0.10997659565627765,0.541719091919789,-0.0369438075250314,-0.203643224338319,-0.0230950909195691,-0.203643224338319,20.0,0.0,True,exact_AoS_flipped_dR,10.0,10.0,125.0,0.08253790761420027,0.05688423438706542,0.007219591,0.28378460656489046,0.016142870075278374,0.010530859130832067,0.0035463462016772857
13.0,12.0,57.0,10.0,2.496,10.0,413.36,101159.0,290.83,187.5,-4911.8,-404.0,2351.7,-173.6,2382.8,0.0,1.211735336730007,968.7071003996972,39.98594394612135,443550.0120281531,98.44,98.43,7.75,7.42,0.0,22.321,22.69,30.477,28.669,101159.0,1.4872880806731036e-05,1.9989965482252148,1.999199636363813,1.7538493366361534,-49.19371136392037,115.31625675164946,-7.308366752168292,-4.444354183717343,-15.582024057900789,0.0083368229974088,-0.2338395069973475,0.5481492629840952,-0.0248748119232505,-0.1280520748943163,-0.0530350940186262,0.5479922798842379,-0.0155427898065926,0.2338395069973475,0.5481492629840953,0.0488159721799614,0.2288392853305085,-0.06945404923447669,-0.14741433320240638,-0.14741433320240638,-0.0367883522016489,190.5,-4922.5,-393.8,2350.5,-201.3,2379.1000000000004,-3.0,10.7,-10.2,1.2,27.7,3.7,rudder_m10_elevator_0,raw_rudder_m10_elevator_0.txt,-10.0,0.0,40,2.5,10.0,1.9989965482252148,2.0,0.20846220964107728,0.03966896103709935,0.13284443399122578,0.024126171230506747,0.08159520897154207,0.5374169782282316,0.16003773499055055,0.15699087655950023,0.029874311397454032,0.10004386010414652,0.014331521590861433,0.07820851342716492,0.5468482474614851,0.2236565872770401,,,,,,False,0.00625,0.0619196428571428,0.0090047157622739,-0.0189333333333333,0.0170125,-0.0201499999999999,True,0.08784520897154208,0.22195737784769334,0.5464216939905056,-0.08838738256781,-0.1304018332024064,-0.0569383522016488,-0.1304018332024064,40.0,0.0,True,exact_AoS_exact_dR,10.0,-10.0,390.0,0.05658549432100171,0.05163809646033119,0.007219591,0.2888170084879636,0.014913960543685757,0.010095754106854603,0.002808497382435468
7.0,17.0,28.0,49.0,2.496,0.0,413.42,101102.0,290.77,633.9,505.2,985.7,680.5,249.8,-408.5,0.0,1.2113024600329465,968.8487831196423,39.99601266937408,443574.14790770254,98.43,98.43,6.58,6.93,0.0,20.695,20.891,28.512,28.858,101102.0,1.4875816424686836e-05,1.9997030479599631,1.9997030479599631,5.934854788693804,3.067854914387187,108.32557596267218,-1.7334155781907177,-3.277768489029369,2.6799739045648447,0.0282068689168418,0.0145807411481846,0.5148441588396436,-0.0058990034843988,-0.0944262448156166,0.0091202453699113,0.5155841068364693,0.0057588300055021,-0.0145807411481846,0.5148441588396436,0.0282068689168418,-0.0145807411481846,-0.0017515307387681,-0.09548893454654411,-0.09548893454654411,0.0056836658857833,646.1666666666666,510.4333333333333,990.8666666666668,682.2333333333333,228.9,-411.6,-12.266666666666666,-5.233333333333333,-5.166666666666667,-1.7333333333333336,20.9,3.1,rudder_m5_elevator_0,raw_rudder_m5_elevator_0.txt,-5.0,0.0,40,2.5,0.0,1.9997030479599631,2.0,0.20820721740530065,0.039592446684057876,0.13258820076362768,0.045351276689559974,0.05971175283545556,0.5003152062563507,-0.0131003840053275,0.15671741079530194,0.02980120386171888,0.0997990357137082,0.03556003386722098,0.05797979931419152,0.5135463271239351,-0.0145807411481846,,,,,,False,0.00805,-0.0014803571428571,0.0128047157622739,-0.0004333333333333,-0.0068874999999999,0.00335,True,0.06776175283545556,-0.0145807411481846,0.5131199220186247,-0.0021848640721014,-0.102376434546544,0.0090336658857833,-0.102376434546544,40.0,0.0,True,exact_AoS_zero_dR,0.0,0.0,330.0,0.034608752698998047,0.06898509874297536,0.007219591,0.25031530561133475,0.01726802607447598,0.007834974061981533,0.0019354834441466572
8.0,17.0,29.0,34.0,2.496,4.0,413.08,101104.0,290.83,627.8,-1835.1,382.4,1291.8,234.1,937.5,0.0,1.211076518003842,968.0459187785996,39.98316648035563,443278.0618370876,98.44,98.43,6.62,6.84,0.0,20.888,21.001,28.637,28.774,101104.0,1.4880971569157546e-05,1.9988576958203303,1.9990607698522125,5.932703060890534,-17.792944279978673,108.4607517965905,-4.09078674376746,-3.487492871643484,-6.121743855621287,0.0282200276324897,-0.0846355150579503,0.5159141425630291,-0.0139329422547457,-0.1005513281399908,-0.0208502444593735,0.5166536484854932,0.0057253788304749,0.0846355150579503,0.5159141425630291,0.034055160147471,0.082460817580431,-0.0307105088629618,-0.1045177266939827,-0.1045177266939827,-0.015326104424405,645.5,-1838.6,389.2,1291.7,212.3,935.9,-17.7,3.5,-6.8,0.1,21.8,1.6,rudder_m5_elevator_0,raw_rudder_m5_elevator_0.txt,-5.0,0.0,40,2.5,4.0,1.9988576958203303,2.0,0.20851230875731083,0.039684007357467514,0.13289482149472231,0.045409386187942415,0.06615494133782034,0.5051812025453222,0.07357558461158366,0.15704340050729657,0.029888458375984316,0.10009123586863364,0.03561383720645922,0.06384252456959269,0.5146125109445894,0.08037788215019248,,,,,,False,0.00745,0.0061196428571428,0.0090047157622739,-0.0061333333333333,-0.0039875,-0.00715,True,0.07360494133782033,0.07969522746872645,0.5141859183075961,-0.0368438421962951,-0.1085052266939827,-0.022476104424405,-0.1085052266939827,40.0,0.0,True,exact_AoS_zero_dR,4.0,0.0,348.0,0.04128048246965465,0.05939308005467165,0.007219591,0.2552080474051378,0.015157591990129787,0.0097168668780359,0.002357323456757969
5.0,17.0,27.0,28.0,2.496,8.0,413.6,101103.0,290.59,316.8,-4388.7,-237.1,2112.7,-48.2,2249.3,0.0,1.21206476484882,969.273833278528,39.99220306840241,444024.1348092035,98.44,98.43,6.69,5.99,0.0,20.627,20.687,28.738,28.8,101103.0,1.4859325363624548e-05,1.999309457277746,1.999512577206353,3.0314849949308997,-42.40469060551149,113.8814294677028,-6.732263081787941,-4.139748418222957,-14.682518425976724,0.0144015658804061,-0.201450426577959,0.5410123790077764,-0.0229005833788073,-0.119205941288257,-0.0499443104555055,0.541126284296638,-0.0091729920296329,0.201450426577959,0.5410123790077764,0.0422978913878267,0.1974856142922642,-0.057595998735445006,-0.14447756537995352,-0.14447756537995352,-0.0328169611723514,329.6,-4392.0,-228.1,2110.7,-73.80000000000001,2243.5,-12.8,3.3,-9.0,2.0,25.6,5.8,rudder_m5_elevator_0,raw_rudder_m5_elevator_0.txt,-5.0,0.0,40,2.5,8.0,1.999309457277746,2.0,0.2083492902027326,0.03963506385790034,0.13273091824826544,0.03046207182826744,0.07865999228269942,0.5300815704618821,0.13365507004492158,0.15687249993525637,0.0298424417305781,0.0999371341464472,0.020669449700945197,0.07182187147485614,0.5397127513977027,0.19333628948709627,,,,,,False,0.00285,0.0583196428571428,0.0092047157622739,-0.0198333333333333,0.0212125,-0.02055,True,0.08150999228269942,0.1919747129020644,0.539286286224156,-0.0774293320687783,-0.1232650653799535,-0.0533669611723514,-0.1232650653799535,40.0,0.0,True,exact_AoS_zero_dR,8.0,0.0,373.0,0.05536457036537403,0.05295461198253305,0.007219591,0.28098647134333526,0.01487952956232746,0.008415892354997926,0.0025561405532472208
6.0,17.0,28.0,4.0,2.496,9.995,413.18,101103.0,290.69,139.5,-5411.7,-530.7,2494.5,-212.4,2729.6,0.0,1.2116478035619338,968.2820542389112,39.978614543068126,443602.2211441562,98.43,98.43,7.47,5.58,0.0,20.581,20.759,28.844,28.75,101103.0,1.4868404494148588e-05,1.9988331840940223,1.9988331840940223,1.3125724684712332,-52.89379091530388,115.3634578482057,-6.839575068285243,-4.484204325729975,-17.84739052685116,0.0062419773554415,-0.2515379935717619,0.5486143499357741,-0.0232894478983835,-0.1292569641720157,-0.0607721777518867,0.5483656958166624,-0.0176559023633918,0.2515379935717619,0.5486143499357742,0.0498047389421536,0.2466370054763021,-0.0725168804158208,-0.1480287840177673,-0.1480287840177673,-0.044666295217226995,142.5,-5422.4,-520.5,2493.3,-240.1,2725.9,-3.0,10.7,-10.2,1.2,27.7,3.7,rudder_m5_elevator_0,raw_rudder_m5_elevator_0.txt,-5.0,0.0,40,2.5,10.0,1.9988331840940223,2.0,0.2085211522499277,0.0396866637872399,0.13290371741486554,0.022030761423848102,0.08260199367829907,0.5378812942315054,0.17783579149209133,0.15704649428077622,0.029889780246445105,0.10009566258233075,0.012233877883053305,0.07921295197682052,0.5473126607503509,0.24145419016481512,,,,,,False,0.00625,0.0619196428571428,0.0090047157622739,-0.0189333333333333,0.0170125,-0.0201499999999999,True,0.08885199367829907,0.23975543434923413,0.5468860099937793,-0.0914502137491541,-0.1310162840177673,-0.0648162952172269,-0.1310162840177673,40.0,0.0,True,exact_AoS_zero_dR,10.0,0.0,391.0,0.06885309636054321,0.054838597447374196,0.007219591,0.2893162866841593,0.01586569938044172,0.0,0.0018061464407620757
28.0,8.0,10.0,41.0,2.496,-9.995,104.26,101189.0,289.29,330.2,896.7,533.5,-88.4,83.8,-457.2,0.0,1.2185471305276716,243.22698967108667,19.98019463460076,223798.9645853479,49.21,49.21,0.59,0.58,0.0,19.603,19.399,45.032,44.352,101189.0,1.4728956569678325e-05,1.9981249644581995,1.9981249644581995,2.6138409208311546,8.520802655369632,29.33895051356545,-1.0460446418331577,-1.9136533810016108,2.840559422068558,0.0494843840843911,0.1613130577095466,0.5554354453156867,-0.0141798099486113,-0.2195947502517445,0.0385056154793571,0.5570635110491933,0.025248422501061,-0.1613130577095466,0.5554354453156867,0.0767312098266064,-0.1502761734086956,0.0235134989555778,-0.1929545707908949,-0.1929545707908949,0.032381610728089504,284.6,870.2,536.1,-83.60000000000001,64.8,-434.7,45.6,26.5,-2.6,-4.8,19.0,-22.5,rudder_0_elevator_0,raw_rudder_0_elevator_0.txt,0.0,0.0,20,2.5,-10.0,1.9981249644581995,2.0,0.2087765975308777,0.03976345396386844,0.1331608743275652,0.06501187646492944,0.08770401753954334,0.5406990454268291,-0.13230092990861758,0.12159082398051503,0.02315810866236083,0.07755246815467341,0.048406531163421834,0.09951620815738764,0.5544269180079546,-0.14626061360294434,0.04916949525412677,-0.023921072753065768,-1.2637240119516653,0.12559673974025654,0.25119347948051307,True,0.0281499999999999,-0.0110803571428571,0.0130047157622739,0.0060666666666666,-0.0405875,0.00745,True,0.11585401753954323,-0.14338128705147468,0.553703761189103,0.0295801656222444,-0.2335420707908949,0.0398316107280895,-0.2335420707908949,20.0,0.0,True,exact_AoS_exact_dR,-10.0,0.0,9.0,0.0537790839673638,0.06287911290193308,0.007219591,0.2923554577254842,0.018383051833817048,0.01554188173836249,0.003449190894392885
20.0,8.0,3.0,34.0,2.496,-10.0,414.92,101193.0,289.89,683.6,4276.0,2362.5,-391.9,-76.4,-2171.3,0.0,1.2160731113350067,972.3909594001356,39.99038738198461,446306.3469309787,98.42,98.43,6.88,6.75,0.0,21.406,21.947,30.325,30.385,101193.0,1.4782670205155337e-05,1.9996249492965537,1.9994217973155213,5.8498046751061,41.28985933234436,118.92845611132644,-1.009739290275658,-7.416589613684414,14.027813347794028,0.0277013690964369,0.1955254400497548,0.5631779592281009,-0.0034237362310375,-0.2128794685405792,0.0475642903704021,0.5638500368901675,0.0031488901381546,-0.1955254400497548,0.5631779592281009,0.0612331594073884,-0.1877446770096469,0.0434985789564655,-0.1800996816466455,-0.1800996816466455,0.0423200576280806,638.0,4249.5,2365.1,-387.1,-95.4,-2148.8,45.6,26.5,-2.6,-4.8,19.0,-22.5,rudder_0_elevator_0,raw_rudder_0_elevator_0.txt,0.0,0.0,40,2.5,-10.0,1.9996249492965537,2.0,0.20823541170406787,0.03960090125603887,0.13261651365108654,0.04274979139419347,0.07204543398867809,0.5484486384512374,-0.16979421962833685,0.1567407955409755,0.02980797894179635,0.09982172427561167,0.03295686907995095,0.09056043791387097,0.5618798324600904,-0.18257348653820257,0.026121121209031005,-0.022972231070876405,-4.851811386856045,0.12079603855165937,0.24159207710331873,True,0.0281499999999999,-0.0110803571428571,0.0130047157622739,0.0060666666666666,-0.0405875,0.00745,True,0.10019543398867799,-0.18087457677119395,0.5614533542135113,0.0495652456231321,-0.2206871816466455,0.0497700576280806,-0.2206871816466455,40.0,0.0,True,exact_AoS_exact_dR,-10.0,0.0,270.0,0.04548480775268445,0.057186868817152535,0.007219591,0.3007959090190161,0.01720157618980662,0.009359050046187017,0.00242067978188915
26.0,8.0,9.0,3.0,2.496,-8.0,104.24,101190.0,289.33,328.7,671.0,453.6,-22.7,105.8,-350.6,0.0,1.2183907064735384,243.1803343072557,19.979560682557437,223739.12325650055,49.21,49.21,0.6,0.58,0.0,20.185,19.959,44.909,44.134,101190.0,1.4732428520159189e-05,1.9980615659064236,1.9980615659064236,2.700872105082296,6.304538068544964,29.06200962874485,-1.016482703594064,-1.717570605278078,2.1996451419946084,0.0511418400243831,0.1193783580949441,0.5502980479614616,-0.0137817223898718,-0.1971317552616021,0.0298233296011954,0.5520031693373514,0.0271280377615881,-0.1193783580949441,0.5502980479614616,0.0672583874364307,-0.1110990076552229,0.0020811132065836,-0.2022587346772815,-0.2022587346772815,0.008510167140860302,294.0,655.5,456.3,-17.299999999999997,86.9,-336.70000000000005,34.7,15.5,-2.7,-5.4,18.9,-13.9,rudder_0_elevator_0,raw_rudder_0_elevator_0.txt,0.0,0.0,20,2.5,-8.0,1.9980615659064236,2.0,0.20879945787765505,0.0397703316379859,0.1331839064590207,0.066898369399574,0.09035431261021837,0.5371613485523686,-0.04658894134630387,0.12160984621771034,0.023163201493352086,0.07756952315769741,0.05029123925494018,0.09017440435675005,0.5492892988627706,-0.10787837150918711,0.05198462518046862,-0.02485658741888052,-1.3128943393502654,0.13050034445258737,0.26100068890517475,True,0.01625,-0.0589803571428571,0.0114047157622739,0.0164666666666666,-0.0092874999999999,0.02215,True,0.10660431261021837,-0.10556929848916097,0.5485660643146425,0.0185477798732502,-0.2115462346772814,0.0306601671408603,-0.2115462346772814,20.0,0.0,True,exact_AoS_exact_dR,-8.0,0.0,26.0,0.05627680981986645,0.0591417091135956,0.007219591,0.2885423143785993,0.01706488562394277,0.017012617166409148,0.0037076117555066824
25.0,8.0,8.0,10.0,2.496,-4.0,104.33,101191.0,289.37,249.6,428.2,323.7,74.6,129.6,-246.9,0.0,1.2182343256648152,243.3902837360233,19.98946635397758,223797.30524426769,49.21,49.21,0.56,0.58,0.0,20.549,20.332,44.893,43.941,101191.0,1.4735900733930148e-05,1.9990521853531449,1.9990521853531449,2.32990646140856,3.712117485203861,27.612775519369457,-0.1648759289195914,-1.070392192010539,1.5605708355783914,0.0440794360874635,0.0702294483269843,0.5224053385249141,-0.0022335000883574,-0.1227467880436264,0.021140351547934,0.5238293575557128,0.0212870516485512,-0.0702294483269843,0.5224053385249141,0.0488710194648648,-0.0669835468944885,0.0085568963766782,-0.12988320794628472,-0.12988320794628472,0.0080350648840438,253.6,417.5,329.7,77.6,106.6,-239.1,-4.0,10.7,-6.0,-3.0,23.0,-7.8,rudder_0_elevator_0,raw_rudder_0_elevator_0.txt,0.0,0.0,20,2.5,-4.0,1.9990521853531449,2.0,0.20844213382577556,0.039662932873903184,0.13282424672372836,0.060949984522454384,0.07984979745344169,0.5089733162933907,-0.036639068326867405,0.1213126186382474,0.023083693116613204,0.07730326346676274,0.04437074476516441,0.0718766348908339,0.5214000519874495,-0.06537483755095204,0.04177184282351898,-0.02048479117496778,-1.0829155724149147,0.10765450949027372,0.21530901898054744,True,0.00855,-0.0275803571428571,0.0117047157622739,0.0080666666666666,-0.0052874999999999,0.01385,True,0.08839979745344169,-0.0642194254697245,0.5206780320556647,0.0166235630433448,-0.1351707079462846,0.0218850648840438,-0.1351707079462846,20.0,0.0,True,exact_AoS_exact_dR,-4.0,0.0,49.0,0.04524160151880904,0.06431395560586022,0.007219591,0.2590538366986919,0.016660776952967433,0.017947418981665218,0.0035407455149726753
15.0,7.0,59.0,55.0,2.496,-3.995,415.08,101192.0,289.75,605.0,2336.1,1540.5,210.3,155.2,-1304.0,0.0,1.2166486644737404,972.7688038271756,39.98869424008703,446666.043676063,98.44,98.42,6.41,7.57,0.0,21.335,21.615,30.295,30.305,101192.0,1.4770140458672609e-05,1.9991340422443984,1.999540287731544,5.588414801971608,21.11283129232872,111.21177813921176,0.6874384260027631,-4.17427049379646,8.459759605888756,0.0264532953498403,0.0999396039195734,0.5264315763496248,0.0023300010965375,-0.1197681647070839,0.0286734759253701,0.5270841634519289,0.0035022922489533,-0.0999396039195734,0.5264315763496248,0.0333517515826384,-0.0978537783268335,0.0211539540761023,-0.1219366045230031,-0.1219366045230031,0.016124461294819002,609.0,2325.4,1546.5,213.3,132.2,-1296.2,-4.0,10.7,-6.0,-3.0,23.0,-7.8,rudder_0_elevator_0,raw_rudder_0_elevator_0.txt,0.0,0.0,40,2.5,-4.0,1.9991340422443984,2.0,0.2084125954756759,0.039654064672809866,0.13279454866449109,0.043156356921763166,0.06432193237638233,0.5129999403250712,-0.06751336656261286,0.1569388632368707,0.029860305795186264,0.0999969577841128,0.03336259804413957,0.0631112401324063,0.5251311707659588,-0.09577540185558506,0.035591669417821506,-0.032089377168868206,-6.780016383582648,0.1686543469917588,0.3373086939835176,True,0.00855,-0.0275803571428571,0.0117047157622739,0.0080666666666666,-0.0052874999999999,0.01385,True,0.07287193237638233,-0.09509372370546997,0.5247046560873452,0.0292206207427689,-0.127224104523003,0.029974461294819,-0.127224104523003,40.0,0.0,True,exact_AoS_exact_dR,-4.0,0.0,312.0,0.040414881905188875,0.060651324082226885,0.007219591,0.26316893877352665,0.01596154459392889,0.007945505877264562,0.0021022864411251617
1.0,7.0,50.0,35.0,-5.003,0.0,416.15,101202.0,289.04999999999995,-712.5,-304.7,-677.2,-537.7,-44.9,145.1,0.0,1.2197155774698278,975.2956993346116,39.99022680162341,448650.62717508303,123.03,123.03,17.61,17.79,0.0,17.271,17.78,34.089,33.593,101202.0,1.4705369044506352e-05,1.5996285235477827,1.5996285235477827,-6.721431338813684,-3.1663429218524537,-75.4105237120606,-1.0934200877537406,5.995030416326419,-0.988469440303608,-0.0317341038408047,-0.0149493537927588,-0.3560380623616357,-0.0036964317736716,0.1715637470253607,-0.0033416340959565,-0.3519141401326313,-0.0626625340336449,0.0149493537927588,-0.3560380623616357,-0.0317341038408047,0.0149493537927588,-0.0065712325562685,0.1790580983895318,0.1790580983895318,-0.0053390926288945,-731.4,-315.5,-667.6,-528.0,-82.3,151.29999999999998,18.9,10.8,-9.6,-9.7,37.4,-6.2,rudder_0_elevator_0,raw_rudder_0_elevator_0.txt,0.0,0.0,40,-5.0,0.0,1.5996285235477827,1.6,0.3272384845934966,0.0972464309649494,0.3256613418013064,0.03458389693130451,0.05924183118143832,-0.37120740501760763,0.011099353792758799,0.23676376856813383,0.07035979128085677,0.23562267334666906,0.007697257247211875,0.038357626011570216,-0.34990213249018004,0.0149493537927588,0.03135325211501952,-0.09401578614866442,-19.9157612807571,0.31636722378268106,0.6327344475653621,True,0.0059,0.00385,0.02365,-0.0015999999999999,0.00145,0.0026999999999999,True,0.06514183118143832,0.0149493537927588,-0.3475574050176076,-0.0081712325562684,0.1805080983895318,-0.0026390926288946,0.1805080983895318,40.0,0.0,True,exact_AoS_exact_dR,0.0,0.0,330.0,0.034608752698998047,0.06898509874297536,0.007219591,0.13779493753990618,0.00950579737247255,0.015127281109967722,0.0028919382091361504
7.0,7.0,54.0,18.0,-5.0,0.0,415.49,101197.0,289.33,1459.2,52.1,-922.2,-925.5,1613.0,-82.3,0.0,1.218474990839042,973.7370409857692,39.97859556381135,447727.296587814,82.03,82.02,0.83,0.83,0.0,23.481,24.357,30.965,30.78,101197.0,1.4731409448451123e-05,2.398452479684511,2.3987449025666967,13.257633833432498,-0.2696693397625085,-73.4722255451341,-0.4063086231071196,6.469241607603115,0.4903263071331226,0.0626938744929595,-0.0012752362868127,-0.3474419753115519,-0.0013757714861863,0.1854309064635704,0.0016602575331091,-0.3515839848970535,0.0321737419527237,0.0012752362868127,-0.3474419753115519,0.0626938744929595,0.0012752362868127,1.6103321756399903e-05,0.1663104518429098,0.1663104518429098,-0.0008948275492915,1440.3,41.3,-912.6,-915.8,1575.6,-76.1,18.9,10.8,-9.6,-9.7,37.4,-6.2,rudder_0_elevator_0,raw_rudder_0_elevator_0.txt,0.0,0.0,40,-5.0,0.0,2.398452479684511,2.4,0.04601568504819606,0.00608262766686956,0.020369659513617105,0.03825636961959326,0.06285335592516106,-0.3705618393793884,-0.0025747637131873,-0.016261521868194018,-0.002149544937063997,-0.007198451208135094,0.0300241970156597,0.06055250922334633,-0.3476293204971112,0.0012752362868127,0.03135325211501952,0.0008204898377041775,0.1735300605086613,-0.0062070874669321735,-0.012414174933864347,True,0.0059,0.00385,0.02365,-0.0015999999999999,0.00145,0.0026999999999999,True,0.06875335592516106,0.0012752362868127,-0.3469118393793884,-0.0015838966782435,0.1677604518429098,0.0018051724507084,0.1677604518429098,40.0,0.0,True,exact_AoS_exact_dR,0.0,0.0,330.0,0.034608752698998047,0.06898509874297536,0.007219591,0.13731607680423566,0.009472763117338185,0.01877184010882483,0.0033699564546384227
21.0,8.0,6.0,9.0,2.496,0.0,104.48,101192.0,289.45,-113.3,-50.8,254.6,245.6,-130.7,25.6,0.0,1.2179096580800357,243.7402011165107,20.006496532749907,223880.23999536084,61.52,61.52,1.82,1.43,0.0,21.349,21.333,38.423,39.307,101192.0,1.474299164301762e-05,1.6004091023428386,1.6004091023428386,-0.9319082618249624,-0.4510785254429526,27.39931818282415,-0.6615314907139259,-0.9836431997653596,-0.1467786235802315,-0.0176054357190671,-0.0085216907170516,0.5176227690795846,-0.0089486044791795,-0.112636946836741,-0.0019854895297582,0.5163649715108269,-0.0401310183411548,0.0085216907170516,0.5176227690795846,-0.0176054357190671,0.0085216907170516,-0.010819899020287,-0.1007873025209408,-0.1007873025209408,-0.0058279146395669,-101.03333333333332,-45.56666666666666,259.76666666666665,247.3333333333333,-151.6,22.5,-12.266666666666666,-5.233333333333333,-5.166666666666667,-1.7333333333333336,20.9,3.1,rudder_0_elevator_0,raw_rudder_0_elevator_0.txt,0.0,0.0,20,2.5,0.0,1.6004091023428386,1.6,0.3270630774759369,0.09709951730834994,0.32516935358063476,0.056968498967195136,0.07135195981609468,0.5005894042423437,0.0100020478599087,0.2683923523068739,0.07968116749640577,0.26683833705451865,0.03955014915525097,0.06200013541349517,0.5141526828776526,0.0085216907170516,0.044011547913636394,-0.08414256625479119,-4.454538731848542,0.2834198091698277,0.5668396183396553,True,0.00805,-0.0014803571428571,0.0128047157622739,-0.0004333333333333,-0.0068874999999999,0.00335,True,0.07940195981609469,0.0085216907170516,0.5133941200046176,-0.0112532323536203,-0.1076748025209407,-0.0024779146395669,-0.1076748025209407,20.0,0.0,True,exact_AoS_exact_dR,0.0,0.0,66.0,0.0410732835065928,0.07137849358511905,0.007219591,0.25058975163970454,0.017886718979911228,0.012391957329590659,0.002702751550430847
22.0,8.0,6.0,43.0,2.496,0.0,104.43,101192.0,289.41,402.7,-22.7,167.0,158.0,281.8,12.1,0.0,1.2180779880835713,243.62356175831005,20.000326911601103,223866.1439813953,41.01,41.01,0.2,0.11,0.0,21.186,21.102,34.335,33.595,101192.0,1.4739373210956738e-05,2.40006841422405,2.40006841422405,3.815258420395117,-0.1672607373749526,26.79357289407993,-0.3765608943918384,-0.6325710064314363,-0.0596149826675442,0.072111653242117,-0.0031613712534193,0.5064214857181766,-0.0050962166701485,-0.0724703627598654,-0.0008068040866315,0.5090814621803817,0.0499887646836889,0.0031613712534193,0.5064214857181767,0.072111653242117,0.0031613712534193,-0.005513108854969299,-0.0859077462758578,-0.0859077462758578,-0.0044167816001278,414.9666666666666,-17.466666666666665,172.16666666666666,159.73333333333332,260.90000000000003,9.0,-12.266666666666666,-5.233333333333333,-5.166666666666667,-1.7333333333333336,20.9,3.1,rudder_0_elevator_0,raw_rudder_0_elevator_0.txt,0.0,0.0,20,2.5,0.0,2.40006841422405,2.4,0.04529742285114266,0.005979623343280997,0.02002471599334254,0.0559683880269699,0.07003560350358827,0.49335635950876405,0.0046417283962764,-0.030516248302268022,-0.004028389678972606,-0.01349037466090245,0.045960375004716295,0.06808708544002505,0.5065969206406336,0.0031613712534193,0.044011547913636394,0.005977216770052508,0.3162846502137919,-0.045279192344153354,-0.09055838468830671,True,0.00805,-0.0014803571428571,0.0128047157622739,-0.0004333333333333,-0.0068874999999999,0.00335,True,0.07808560350358827,0.0031613712534193,0.5061610752710379,-0.0059464421883026,-0.0927952462758577,-0.0010667816001278,-0.0927952462758577,20.0,0.0,True,exact_AoS_exact_dR,0.0,0.0,66.0,0.0410732835065928,0.07137849358511905,0.007219591,0.24340049746774084,0.017373560847115926,0.011588759149879547,0.002597404542802071
23.0,8.0,7.0,7.0,2.496,0.0,104.31,101191.0,289.41,493.9,-21.9,150.0,143.4,354.5,10.9,0.0,1.2180659507882503,243.34362824262425,19.988931776445074,223736.3857873665,35.15,35.15,-0.16,-0.09,0.0,21.031,20.886,26.85,26.17,101191.0,1.4739518869890942e-05,2.798598214688046,2.798598214688046,4.654314004575608,-0.1689258464752604,26.642614314089883,-0.3418919219886683,-0.5732011392690834,-0.0520163324197567,0.0880717207641083,-0.0031965161710154,0.5041475254977595,-0.0046323441423646,-0.0657442093673462,-0.00070477696984,0.5075047145505892,0.0660327204709162,0.0031965161710154,0.5041475254977595,0.0880717207641083,0.0031965161710154,-0.005064015965303799,-0.08367998528883101,-0.08367998528883101,-0.0042950811879051,506.1666666666666,-16.666666666666664,155.16666666666666,145.13333333333333,333.6,7.800000000000001,-12.266666666666666,-5.233333333333333,-5.166666666666667,-1.7333333333333336,20.9,3.1,rudder_0_elevator_0,raw_rudder_0_elevator_0.txt,0.0,0.0,20,2.5,0.0,2.798598214688046,2.8,-0.14089269730061552,-0.013679019090024355,-0.04580864991321519,0.05235370138089184,0.06635567944708409,0.49193852609973704,0.0046768733138725,-0.181612670673353,-0.017632448215754673,-0.059047994751132676,0.048400272255161525,0.07045600108048555,0.5049154122793198,0.0031965161710154,0.044011547913636394,0.022021172557279804,1.1639122525348955,-0.22681614660367586,-0.4536322932073517,True,0.00805,-0.0014803571428571,0.0128047157622739,-0.0004333333333333,-0.0068874999999999,0.00335,True,0.0744056794470841,0.0031965161710154,0.5047432418620109,-0.0054973492986371,-0.0905674852888309,-0.0009450811879051,-0.0905674852888309,20.0,0.0,True,exact_AoS_exact_dR,0.0,0.0,66.0,0.0410732835065928,0.07137849358511905,0.007219591,0.24200351346118165,0.017273846233165226,0.00800854970732607,0.0021278263478004913
24.0,8.0,7.0,32.0,2.496,0.0,104.52,101192.0,289.39,232.4,-28.3,198.6,185.0,143.7,14.5,0.0,1.218162170535493,243.83351276965868,20.00825165955574,223982.337972026,49.21,49.21,0.56,0.54,0.0,20.844,20.649,44.904,43.815,101192.0,1.4737564119370352e-05,2.0009308151026115,2.0009308151026115,2.24850780270859,-0.2276828277309029,26.99276102797617,-0.5098789872201681,-0.77383137595471,-0.0749581612321228,0.0424621308940779,-0.0042996951230488,0.5097470200378204,-0.0068945460190078,-0.0885774922277964,-0.0010135787217525,0.5111126154067658,0.0202225460701507,0.0042996951230488,0.5097470200378204,0.0424621308940779,0.0042996951230488,-0.0076212626728870995,-0.0936580698610366,-0.0936580698610366,-0.0047156491224847,244.66666666666669,-23.066666666666663,203.76666666666665,186.7333333333333,122.79999999999998,11.4,-12.266666666666666,-5.233333333333333,-5.166666666666667,-1.7333333333333336,20.9,3.1,rudder_0_elevator_0,raw_rudder_0_elevator_0.txt,0.0,0.0,20,2.5,0.0,2.0009308151026115,2.0,0.20776376505148428,0.0394596509587509,0.13214349103330827,0.059682197028901596,0.07383434507542283,0.4952238506606293,0.0057800522659059005,0.12076572494813927,0.022936498831031594,0.07681033546855917,0.04315904490118229,0.06537686905109577,0.5087481437585818,0.0042996951230488,0.044011547913636394,-0.023789001843485695,-1.259880738174434,0.12525434132668628,0.25050868265337256,True,0.00805,-0.0014803571428571,0.0128047157622739,-0.0004333333333333,-0.0068874999999999,0.00335,True,0.08188434507542283,0.0042996951230488,0.5080285664229032,-0.0080545960062204,-0.1005455698610365,-0.0013656491224847,-0.1005455698610365,20.0,0.0,True,exact_AoS_exact_dR,0.0,0.0,66.0,0.0410732835065928,0.07137849358511905,0.007219591,0.24524666226314126,0.017505337309121488,0.015255724259708545,0.0030783615608303665
4.0,7.0,52.0,15.0,2.507,0.0,416.01,101202.0,289.17999999999995,-839.5,-157.4,1112.5,1105.4,-959.7,55.8,0.0,1.2191672579972812,974.9650714676034,39.99243808047264,448317.21003641264,123.03,123.04,17.64,17.93,0.0,20.15,21.793,34.112,33.614,101202.0,1.4717119291721276e-05,1.599716975777331,1.5995869597682464,-7.6203100498676655,-1.7852427811914882,112.4485216320533,-1.9805467648002115,-4.68383258262846,-0.3436620319839879,-0.0359902087690589,-0.0084315808645676,0.5310867593084246,-0.00669773560783,-0.1340857876031317,-0.0011621828222322,0.5290041845169331,-0.0591862636389535,0.0084315808645676,0.5310867593084247,-0.0359902087690589,0.0084315808645676,-0.008581347759656001,-0.1170543404314959,-0.1170543404314959,-0.0049079891634643,-827.2333333333333,-152.16666666666669,1117.6666666666667,1107.1333333333334,-980.6,52.7,-12.266666666666666,-5.233333333333333,-5.166666666666667,-1.7333333333333336,20.9,3.1,rudder_0_elevator_0,raw_rudder_0_elevator_0.txt,0.0,0.0,40,2.5,0.0,1.599716975777331,1.6,0.3272186207862322,0.09722977494668739,0.3256055637002239,0.03804351130773389,0.05309650610278191,0.5140290728091023,0.0099119380074247,0.2367494007371114,0.07034774151031745,0.23558232076608285,0.01116147787136395,0.03429020186351225,0.5280096475263099,0.0084315808645676,0.036549391027262394,-0.09573565466621589,-20.273213292299687,0.32219028478799816,0.6443805695759963,True,0.00805,-0.0014803571428571,0.0128047157622739,-0.0004333333333333,-0.0068874999999999,0.00335,True,0.06114650610278191,0.0084315808645676,0.5268337885713762,-0.0090146810929893,-0.1239418404314958,-0.0015579891634643,-0.1239418404314958,40.0,0.0,True,exact_AoS_exact_dR,0.0,0.0,330.0,0.034608752698998047,0.06898509874297536,0.007219591,0.26422588769298533,0.018227648952950908,0.0002601044508329549,0.0009419679371771698
10.0,7.0,55.0,35.0,2.503,0.0,415.81,101196.0,289.41,1385.5,-105.5,709.6,740.6,833.6,18.3,0.0,1.2181261372648535,974.4927490899582,39.99983251449172,447740.7929164204,82.02,82.01,1.1,0.8,0.0,22.733,22.766,30.455,30.383,101196.0,1.4738790604007414e-05,2.4000191351021867,2.400311784673592,12.849841876790176,-1.4107643979511804,109.44690935532128,-1.029505139611864,-2.989315423938594,-0.1041460719765816,0.0607183487914234,-0.0066661742298979,0.5171608864995387,-0.0034832276780618,-0.0856177029841382,-0.0003523678187823,0.5193191554259788,0.038075125903847,0.0066661742298979,0.5171608864995387,0.0607183487914234,0.0066661742298979,-0.0049082710447519995,-0.0958438498218493,-0.0958438498218493,-0.0039362040245119,1397.7666666666669,-100.26666666666668,714.7666666666667,742.3333333333334,812.7,15.2,-12.266666666666666,-5.233333333333333,-5.166666666666667,-1.7333333333333336,20.9,3.1,rudder_0_elevator_0,raw_rudder_0_elevator_0.txt,0.0,0.0,40,2.5,0.0,2.4000191351021867,2.4,0.045319332552186314,0.005982761277810931,0.020035224388965524,0.04405788718165793,0.05864540213391296,0.5040948933974344,0.008146531372754999,-0.01715499937036874,-0.0022646905895122604,-0.007584053921847064,0.03581043531433474,0.058455818860979426,0.5172597893815509,0.0066661742298979,0.036549391027262394,0.0015257348765846043,0.32293677713043606,-0.011557420235845783,-0.023114840471691565,True,0.00805,-0.0014803571428571,0.0128047157622739,-0.0004333333333333,-0.0068874999999999,0.00335,True,0.06669540213391296,0.0066661742298979,0.5168996091597083,-0.0053416043780853,-0.1027313498218492,-0.0005862040245119,-0.1027313498218492,40.0,0.0,True,exact_AoS_exact_dR,0.0,0.0,330.0,0.034608752698998047,0.06898509874297536,0.007219591,0.25411166154937076,0.017529918063724875,0.006506731371190042,0.0017612719028182082
11.0,7.0,56.0,5.0,2.503,0.0,415.59,101195.0,289.48,1815.7,-95.1,626.5,672.7,1183.4,9.4,0.0,1.2178195442593014,973.9731987502936,39.994201580787575,447481.0876089892,70.31,70.29,-1.35,-1.37,0.0,22.323,22.209,27.955,28.552,101195.0,1.4745268537566482e-05,2.7993437373512617,2.800140250009492,16.807719264686142,-1.3527964239444386,108.7849042792004,-0.7344969339462756,-2.621960225846349,-0.0471242249300723,0.0794625614479741,-0.0063956725639831,0.5143069684094561,-0.0024864225532374,-0.0751362531413241,-0.0001595251528695,0.5172865517376948,0.056926090834727,0.0063956725639831,0.5143069684094561,0.0794625614479741,0.0063956725639831,-0.0038446697440130003,-0.09064551195490761,-0.09064551195490761,-0.0036966835667216003,1827.9666666666667,-89.86666666666666,631.6666666666666,674.4333333333334,1162.5,6.300000000000001,-12.266666666666666,-5.233333333333333,-5.166666666666667,-1.7333333333333336,20.9,3.1,rudder_0_elevator_0,raw_rudder_0_elevator_0.txt,0.0,0.0,40,2.5,0.0,2.7993437373512617,2.8,-0.1412527735938798,-0.013706674596240134,-0.04590126338162794,0.043219416238486866,0.05771896389232342,0.5021008463917978,0.007876029706840199,-0.20067092844378553,-0.01947240430841021,-0.06520968689802145,0.037453686526316796,0.06000873505353767,0.5151573613570525,0.0063956725639831,0.036549391027262394,0.020376699807464607,4.310629281543113,-0.20999005588735484,-0.4199801117747097,True,0.00805,-0.0014803571428571,0.0128047157622739,-0.0004333333333333,-0.0068874999999999,0.00335,True,0.06576896389232342,0.0063956725639831,0.5149055621540717,-0.0042780030773463,-0.0975330119549075,-0.0003466835667216,-0.0975330119549075,40.0,0.0,True,exact_AoS_exact_dR,0.0,0.0,330.0,0.034608752698998047,0.06898509874297536,0.007219591,0.25210525994735966,0.017391506251092075,0.0057187049422333,0.0016579148132231571
12.0,7.0,56.0,55.0,2.503,0.0,415.58,101193.0,289.54999999999995,605.7,-131.5,849.6,867.5,204.7,37.4,0.0,1.2175010680190128,973.9495829321944,39.998947184542295,447333.2035533821,98.42,98.43,7.13,6.35,0.0,21.723,21.592,30.299,30.153,101193.0,1.4751893393639962e-05,2.00005296202351,1.9998497665585069,5.675647094404695,-1.5931973711987517,110.35666158098408,-1.412485808087964,-3.5883151607617805,-0.226933555433952,0.0268336461681774,-0.0075324088731598,0.5217504823520099,-0.0047816696912629,-0.1028311150702209,-0.0007682351905665,0.5224245700339878,0.0040223160041163,0.0075324088731598,0.5217504823520099,0.0268336461681774,0.0075324088731598,-0.0064312304976095,-0.10350675789328731,-0.10350675789328731,-0.0044190422790432,617.9666666666667,-126.26666666666668,854.7666666666667,869.2333333333333,183.8,34.3,-12.266666666666666,-5.233333333333333,-5.166666666666667,-1.7333333333333336,20.9,3.1,rudder_0_elevator_0,raw_rudder_0_elevator_0.txt,0.0,0.0,40,2.5,0.0,2.00005296202351,2.0,0.20808087503240277,0.0395545775932947,0.13246138378136563,0.043576893597411,0.058300486175082794,0.5072183510483506,0.0090127660160169,0.15657883585593857,0.029764435157085087,0.0996759037327345,0.03378675116120139,0.056569684158324744,0.5204506189480932,0.0075324088731598,0.036549391027262394,-0.03252707502314609,-6.880837606387581,0.17111198361547428,0.34222396723094856,True,0.00805,-0.0014803571428571,0.0128047157622739,-0.0004333333333333,-0.0068874999999999,0.00335,True,0.0663504861750828,0.0075324088731598,0.5200230668106245,-0.0068645638309428,-0.1103942578932872,-0.0010690422790432,-0.1103942578932872,40.0,0.0,True,exact_AoS_exact_dR,0.0,0.0,330.0,0.034608752698998047,0.06898509874297536,0.007219591,0.2572704556402078,0.017747827785989996,0.0059439056900947515,0.001687452012761507
2.0,7.0,51.0,6.0,4.995,0.0,416.28,101203.0,289.09,-588.7,-98.3,1607.6,1547.6,-976.6,23.4,0.0,1.219558861881395,975.602712549633,39.99909029687908,448644.2087623428,123.03,123.03,17.84,17.8,0.0,17.882,18.861,34.143,33.598,101203.0,1.4708838790275729e-05,1.599983067669266,1.599983067669266,-5.259944205731627,-1.175048692435734,169.5546635555052,-2.1839098326126627,-8.006898540473433,-0.0911829393195901,-0.0248261239518525,-0.0055460482748246,0.8002718145673056,-0.0073806338389104,-0.2290665987582725,-0.0003081573595318,0.7950710413341843,-0.0944105547759178,0.0055460482748246,0.8002718145673057,-0.0248261239518525,0.0055460482748246,-0.0082830072297409,-0.2174192820308246,-0.2174192820308246,-0.0043857134245285,-570.1,-83.89999999999999,1622.6,1558.6,-1045.7,13.999999999999998,-18.6,-14.4,-15.0,-11.0,69.1,9.4,rudder_0_elevator_0,raw_rudder_0_elevator_0.txt,0.0,0.0,40,5.0,0.0,1.599983067669266,1.6,0.32715884474378765,0.09717968127320502,0.3254378087218648,0.002769126497287222,0.06418449805276577,0.7849604955542542,0.0072960482748246,0.23670623342433653,0.07031152203013974,0.23546102804205196,-0.024099032745778057,0.0452183760161268,0.7941498741534688,0.0055460482748246,0.0026104929565514967,-0.09702104773246929,-20.55884822272681,0.32662479930090527,0.6532495986018105,True,0.0078,-0.00175,0.0068499999999999,-0.0006,-0.00465,0.0033,True,0.07198449805276577,0.0055460482748246,0.7918104955542541,-0.0088830072297409,-0.2220692820308246,-0.0010857134245285,-0.2220692820308246,40.0,0.0,True,exact_AoS_exact_dR,0.0,0.0,330.0,0.034608752698998047,0.06898509874297536,0.007219591,0.6161629795807803,0.042506063988146034,0.0,0.0009078527881911083
9.0,7.0,55.0,15.0,5.004,0.0,415.74,101196.0,289.4,1657.3,-50.7,1200.8,1143.3,858.4,48.0,0.0,1.2181682287001427,974.3274371323666,39.99574859958378,447722.5561010118,82.02,82.01,0.97,0.85,0.0,23.0,23.175,30.511,30.446,101196.0,1.4737886083598156e-05,2.399774097228049,2.4000667169204317,15.403073068312322,-0.1042825597812277,164.91248209436063,-1.0788088274293344,-5.981441108621704,-0.2538280638089084,0.0727952805664744,-0.000492841796166,0.7793802152162367,-0.0036506610693084,-0.1713449621079496,-0.0008589475792974,0.782759283533847,0.004536164110528,0.000492841796166,0.7793802152162368,0.0727952805664744,0.000492841796166,-0.003100204515515,-0.1872125280145295,-0.1872125280145295,-0.00448622013772,1675.9,-36.3,1215.8,1154.3,789.3,38.6,-18.6,-14.4,-15.0,-11.0,69.1,9.4,rudder_0_elevator_0,raw_rudder_0_elevator_0.txt,0.0,0.0,40,5.0,0.0,2.399774097228049,2.4,0.04542827202393426,0.0059983675366546444,0.020087487028787997,0.010534531647182644,0.0709707859913542,0.772007005868055,0.002242841796166,-0.017008797437804132,-0.002245848539753092,-0.007520955182428345,0.0022903155707749076,0.07055799182903948,0.7795761100065141,0.000492841796166,0.0026104929565514967,0.0019256711539765029,0.4075180769744054,-0.014583953463491247,-0.029167906926982495,True,0.0078,-0.00175,0.0068499999999999,-0.0006,-0.00465,0.0033,True,0.0787707859913542,0.000492841796166,0.778857005868055,-0.003700204515515,-0.1918625280145295,-0.00118622013772,-0.1918625280145295,40.0,0.0,True,exact_AoS_exact_dR,0.0,0.0,330.0,0.034608752698998047,0.06898509874297536,0.007219591,0.5959948171093592,0.04111476130859068,0.0,0.0009078527881911083
3.0,7.0,51.0,36.0,7.0,0.0,415.96,101202.0,289.11,-216.1,70.7,1998.7,1793.5,-909.6,-8.7,0.0,1.2194624456700005,974.8469905261348,39.985175845220525,448428.59782865416,123.04,123.02,17.52,17.53,0.0,18.766,20.138,34.169,33.656,101202.0,1.4710791799752166e-05,1.599296490435402,1.5995564963678417,-1.7328710417294697,1.1918024030624683,210.12050267760645,-2.0808255092298222,-11.448054933856753,0.149801604776535,-0.0081852240196132,0.0056294839149967,0.9925051224893482,-0.0070377067024908,-0.3277673505223425,0.0005066545720933,0.9841096119342072,-0.1290801602050115,-0.0056294839149967,0.992505122489348,-0.0081852240196132,-0.0056294839149967,-0.0060721345349181,-0.3234103208361368,-0.3234103208361368,-0.0037614341765738,-186.25,92.75,2023.05,1810.8,-1024.95,-22.45,-29.85,-22.05,-24.35,-17.3,115.35,13.75,rudder_0_elevator_0,raw_rudder_0_elevator_0.txt,0.0,0.0,40,7.0,0.0,1.599296490435402,1.6,0.32731302072104373,0.09730897352516005,0.3258707859307802,-0.03177118667985146,0.0823984231729517,0.9736961417784079,-0.0011794839149967002,0.23679666728751522,0.07039879005475047,0.23575327344076819,-0.058681370150261036,0.06168882412943478,0.9839256681688588,-0.0056294839149967,-0.03290505283652946,-0.09617510736848205,-20.36380623682364,0.32349909541291505,0.6469981908258301,True,0.006,-0.00445,0.00695,0.0006,-0.0020499999999999,0.0036,True,0.08839842317295171,-0.0056294839149967,0.9806461417784079,-0.0054721345349181,-0.3254603208361367,-0.0001614341765738,-0.3254603208361367,40.0,0.0,True,exact_AoS_exact_dR,0.0,0.0,330.0,0.034608752698998047,0.06898509874297536,0.007219591,0.9480841765141574,0.06540368053348163,0.0,0.0009078527881911083
6.0,7.0,53.0,47.0,7.006,0.0,416.26,101199.0,289.29,1969.1,-64.5,1525.0,1461.2,901.2,59.9,0.0,1.2186675534126223,975.5554796455186,40.012746255470425,448228.6736905813,82.02,82.02,0.76,0.72,0.0,23.217,24.648,30.772,30.7,101199.0,1.4727501124805384e-05,2.4007939689828888,2.4007939689828888,18.371565696295946,-0.1102875643618822,205.20409038595216,-1.2244884335809234,-9.150695542737266,-0.3031889794755752,0.086715149781392,-0.0005205654662625,0.9685784939472968,-0.0041384210083733,-0.2618017675902158,-0.0010246921144854,0.9719234217477976,-0.0320730166475766,0.0005205654662625,0.9685784939472968,0.086715149781392,0.0005205654662625,-0.0047281633461442995,-0.2841926899534995,-0.2841926899534995,-0.0051397142007207994,1998.95,-42.45,1549.35,1478.5,785.85,46.15,-29.85,-22.05,-24.35,-17.3,115.35,13.75,rudder_0_elevator_0,raw_rudder_0_elevator_0.txt,0.0,0.0,40,7.0,0.0,2.4007939689828888,2.4,0.044974796307502424,0.005933446076982601,0.01987007637979341,-0.026139570570593997,0.08660429309538421,0.9609047720561522,0.0049705654662625,-0.01750202392608224,-0.00230901135145653,-0.007732476426006929,-0.03438202799903313,0.08442337893087187,0.9688601316398399,0.0005205654662625,-0.03290505283652946,0.0008320361889528616,0.17630068904968466,-0.006306732653017631,-0.012613465306035262,True,0.006,-0.00445,0.00695,0.0006,-0.0020499999999999,0.0036,True,0.09260429309538422,0.0005205654662625,0.9678547720561522,-0.0041281633461443,-0.2862426899534994,-0.0015397142007208,-0.2862426899534994,40.0,0.0,True,exact_AoS_exact_dR,0.0,0.0,330.0,0.034608752698998047,0.06898509874297536,0.007219591,0.9233379809602859,0.06369656178968482,0.0,0.0009078527881911083
5.0,7.0,53.0,12.0,7.998,0.0,416.07,101200.0,289.23999999999995,-1.0,83.7,2132.1,1912.3,-837.9,-12.1,0.0,1.2188902649715678,975.106768902776,39.99988835988295,448226.6610461791,123.04,123.03,17.74,18.07,0.0,22.178,23.889,34.051,33.574,101200.0,1.4722834624823385e-05,1.59988495034755,1.6000149905776035,0.2192037672986641,1.328114563819772,227.3877373427449,-2.189962732440984,-12.982519940662565,0.1572853249701404,0.0010351341192853,0.0062716837227369,1.0737808393131982,-0.007404854147612,-0.3716013373194924,0.0005318240688349,1.0634801208836708,-0.1483792265246538,-0.0062716837227369,1.0737808393131982,0.0010351341192854,-0.0062716837227369,-0.006556325609639899,-0.3718430929436114,-0.3718430929436114,-0.0040576954065482,26.1,102.2,2163.6,1935.5,-984.9,-23.6,-27.1,-18.5,-31.5,-23.2,147.0,11.5,rudder_0_elevator_0,raw_rudder_0_elevator_0.txt,0.0,0.0,40,8.0,0.0,1.59988495034755,1.6,0.32718088965562253,0.09719815031034658,0.3254996583070642,-0.05118107621430722,0.09288783084794594,1.0527068311716286,-0.0006216837227369003,0.23670106061330318,0.07031860966062671,0.23548476328078183,-0.07806061686402709,0.07066974947394485,1.0639968110521898,-0.0062716837227369,-0.04948987696931618,-0.09888934955533762,-20.94409081968989,0.33287367364167936,0.6657473472833587,True,0.0043999999999999,-0.00565,0.00755,0.0009,-4.99999999999997e-05,0.0038,True,0.09728783084794584,-0.0062716837227369,1.0602568311716285,-0.0056563256096399,-0.3718930929436114,-0.0002576954065482,-0.3718930929436114,40.0,0.0,True,exact_AoS_exact_dR,0.0,0.0,330.0,0.034608752698998047,0.06898509874297536,0.007219591,1.1081916723954117,0.07644871194634048,0.0,0.0009078527881911083
8.0,7.0,54.0,48.0,7.996,0.0,415.97,101196.0,289.39,2151.5,-75.7,1644.4,1580.5,956.7,71.3,0.0,1.218210323044408,974.8706066959188,40.00620428197657,447867.08634707896,82.02,82.03,1.45,1.07,0.0,23.323,23.761,30.796,30.768,101196.0,1.4736981583929451e-05,2.4004014458001754,2.400108820974404,20.0229379369488,-0.177621560869135,221.24477833864012,-1.3132507392252135,-10.580127724423312,-0.3922366597980252,0.0945761446297343,-0.000838975902688,1.0450253714324462,-0.0044415303422105,-0.3029105332529487,-0.0013265791320613,1.0480213243085983,-0.0517105198678009,0.000838975902688,1.045025371432446,0.0945761446297342,0.000838975902688,-0.0053479852549513,-0.3295171003481029,-0.3295171003481029,-0.005764409946464,2178.6,-57.2,1675.9,1603.7,809.7,59.8,-27.1,-18.5,-31.5,-23.2,147.0,11.5,rudder_0_elevator_0,raw_rudder_0_elevator_0.txt,0.0,0.0,40,8.0,0.0,2.4004014458001754,2.4,0.045149346145175046,0.005958422343153949,0.01995371754043898,-0.04575209752464695,0.09607663789457598,1.0366465312482394,0.006488975902688,-0.017327105111457446,-0.002286682290067188,-0.007657700292620216,-0.05399720215786809,0.09231169396237332,1.045343458009961,0.000838975902688,-0.04948987696931618,-0.002220642898484719,-0.4702031371630098,0.016826698262453286,0.03365339652490657,True,0.0043999999999999,-0.00565,0.00755,0.0009,-4.99999999999997e-05,0.0038,True,0.10047663789457588,0.000838975902688,1.0441965312482393,-0.0044479852549513,-0.3295671003481029,-0.001964409946464,-0.3295671003481029,40.0,0.0,True,exact_AoS_exact_dR,0.0,0.0,330.0,0.034608752698998047,0.06898509874297536,0.007219591,1.0746360307490068,0.07413387269397934,0.0,0.0009078527881911083
13.0,7.0,57.0,22.0,7.993,0.0,415.45,101195.0,289.54999999999995,1379.4,-43.6,1809.9,1704.9,318.7,49.4,0.0,1.217525130969375,973.6425781390956,39.99224732172096,447267.1145115298,98.43,98.43,6.55,6.51,0.0,21.541,21.489,30.335,30.288,101195.0,1.475160183984e-05,1.9995147897643075,1.9995147897643075,12.919452455049164,0.0613743716384552,223.34106814641535,-1.7048789287101118,-11.367594559146712,-0.2477868018154132,0.0611005798085285,0.0002902607293568,1.0562575160427063,-0.0057733241357446,-0.3258663070821697,-0.0008390939082825,1.0544922073611318,-0.0863678508722669,-0.0002902607293568,1.056257516042706,0.0611005798085285,-0.0002902607293568,-0.0064195428200599,-0.3430376868666317,-0.3430376868666317,-0.0054223591301789005,1406.5,-25.1,1841.4,1728.1,171.7,37.9,-27.1,-18.5,-31.5,-23.2,147.0,11.5,rudder_0_elevator_0,raw_rudder_0_elevator_0.txt,0.0,0.0,40,8.0,0.0,1.9995147897643075,2.0,0.20827517743855958,0.03961282808224004,0.13265645451252037,-0.04675502279002686,0.09592857182307372,1.0431992684829194,0.005359739270643199,0.15678864322247604,0.029820363835972672,0.09986319912682738,-0.056547487036294225,0.09063124073482653,1.0521109313557853,-0.0002902607293568,-0.04948987696931618,-0.036877973902950716,-7.7987757255865855,0.1938959405338498,0.3877918810676996,True,0.0043999999999999,-0.00565,0.00755,0.0009,-4.99999999999997e-05,0.0038,True,0.10032857182307363,-0.0002902607293568,1.0507492684829194,-0.0055195428200599,-0.3430876868666317,-0.0016223591301789,-0.3430876868666317,40.0,0.0,True,exact_AoS_exact_dR,0.0,0.0,330.0,0.034608752698998047,0.06898509874297536,0.007219591,1.0882647137632981,0.07507404873745693,0.0,0.0009078527881911083
27.0,8.0,9.0,49.0,2.496,4.0,104.72,101191.0,289.31,212.9,-661.1,31.8,358.0,134.0,373.5,0.0,1.2184869752778251,244.3000732565651,20.024715325582857,224274.53474598163,49.21,49.21,0.54,0.59,0.0,19.909,19.666,45.047,43.803,101191.0,1.473047415228197e-05,2.00257726863807,2.00257726863807,2.120225679888427,-6.017371708195695,27.118367808100366,-1.161859810383585,-0.7746376981219998,-2.429493643033065,0.0399631096125883,-0.1134185324870543,0.5111410146143649,-0.0156805787450819,-0.0885004486295672,-0.0327886945049582,0.5123964559724666,0.0176651877365113,0.1134185324870543,0.5111410146143649,0.0477774383696413,0.1103545650358873,-0.04004145430674701,-0.0957766696967511,-0.0957766696967511,-0.027682636872707698,230.6,-664.6,38.6,357.9,112.2,371.9,-17.7,3.5,-6.8,0.1,21.8,1.6,rudder_0_elevator_0,raw_rudder_0_elevator_0.txt,0.0,0.0,20,2.5,4.0,2.00257726863807,2.0,0.20716844721163527,0.039281912526429416,0.13154827601322866,0.05694710026294071,0.07947648476418036,0.5004255856820108,0.10149735417374574,0.12023023653707317,0.022797263281394017,0.0763440598893787,0.04046245101790531,0.07049759277330826,0.5101482019932628,0.10876581707157448,0.040325035958505,-0.0226598482219937,-1.2023763205097318,0.11950552476393067,0.23901104952786134,True,0.00745,0.0061196428571428,0.0090047157622739,-0.0061333333333333,-0.0039875,-0.00715,True,0.08692648476418036,0.10761699703088853,0.5094303014442847,-0.0461747876400803,-0.0997641696967511,-0.0348326368727077,-0.0997641696967511,20.0,0.0,True,exact_AoS_exact_dR,4.0,0.0,83.0,0.046492360473406,0.06095499604683898,0.007219591,0.2504257668051835,0.015264701625636583,0.017719422665137777,0.0035436514141501704
16.0,8.0,0.0,20.0,2.496,3.995,413.97,101192.0,289.75,588.1,-2455.4,229.2,1481.6,182.4,1376.5,0.0,1.2166486644737404,970.1475569108349,39.93478063330014,446063.8390304393,98.42,98.42,6.3,6.11,0.0,21.348,21.644,30.356,30.057,101192.0,1.4770140458672609e-05,1.996844465052762,1.996844465052762,5.567716170096241,-22.277326389992847,109.4524423345476,-3.260611784160568,-3.773363858537424,-8.985771920477616,0.0264265259699509,-0.1057367736430508,0.5195034591316974,-0.0110813648734611,-0.1085578746796231,-0.0305386301442658,0.5201614533888876,0.0037772652805586,0.1057367736430508,0.5195034591316974,0.033728932698674,0.1036387267110638,-0.033381520968053,-0.1120187694663605,-0.1120187694663605,-0.0251401226352384,605.8000000000001,-2458.9,236.0,1481.5,160.6,1374.9,-17.7,3.5,-6.8,0.1,21.8,1.6,rudder_0_elevator_0,raw_rudder_0_elevator_0.txt,0.0,0.0,40,2.5,4.0,1.996844465052762,2.0,0.20923810972261989,0.03990247993532521,0.13362644806595936,0.04367974521588381,0.06604669003135626,0.5087610047117577,0.09474173870511773,0.1577921705305972,0.030091549416573132,0.10077135235342077,0.03386881469713173,0.06371888412280328,0.5181929829714438,0.10154425491563773,0.03450299114999819,-0.030725725869439592,-6.474403568958412,0.1611176250498012,0.3222352500996024,True,0.00745,0.0061196428571428,0.0090047157622739,-0.0061333333333333,-0.0039875,-0.00715,True,0.07349669003135625,0.10086138156226053,0.5177657204740316,-0.0395148543013863,-0.1160062694663605,-0.0322901226352384,-0.1160062694663605,40.0,0.0,True,exact_AoS_exact_dR,4.0,0.0,348.0,0.04128048246965465,0.05939308005467165,0.007219591,0.2588377599153171,0.015373171795822309,0.009393035765879298,0.0023148499558156895
17.0,8.0,1.0,29.0,2.496,3.995,415.08,101195.0,289.81,613.0,-2467.7,227.7,1479.7,195.7,1366.3,0.0,1.216432841075817,972.7688038271756,39.9922415436452,446554.68065121904,98.44,98.42,6.75,6.16,0.0,21.385,21.763,30.413,30.14,101195.0,1.477513442797538e-05,1.9993113807505956,1.9997176622748285,5.796965784003035,-22.599052039638934,109.5711937655059,-3.605179210516535,-3.842201832801874,-8.920296611360211,0.0274404913470362,-0.1069747718118685,0.5186657134847812,-0.0122193802324399,-0.1102404510279714,-0.0302344182398463,0.5193686603688159,0.0048267521943313,0.1069747718118685,0.5186657134847813,0.0348266848895029,0.1048030743307436,-0.0348803073834132,-0.1139871349660033,-0.1139871349660033,-0.0249009554339986,630.7,-2471.2,234.5,1479.6,173.89999999999998,1364.7,-17.7,3.5,-6.8,0.1,21.8,1.6,rudder_0_elevator_0,raw_rudder_0_elevator_0.txt,0.0,0.0,40,2.5,4.0,1.9993113807505956,2.0,0.20834859599708586,0.039634855533630046,0.13273022060660683,0.044461607727961344,0.066877721399816,0.5079349140113341,0.0959247138721318,0.15687177221501775,0.029842245873035363,0.09993647825368553,0.03466899806736666,0.06456817449277147,0.5173660944042331,0.10272595489006708,0.03450299114999819,-0.02967623895566689,-6.270155549099791,0.15599912343924058,0.31199824687848116,True,0.00745,0.0061196428571428,0.0090047157622739,-0.0061333333333333,-0.0039875,-0.00715,True,0.074327721399816,0.1020443567292746,0.516939629773608,-0.0410136407167465,-0.1179746349660033,-0.0320509554339986,-0.1179746349660033,40.0,0.0,True,exact_AoS_exact_dR,4.0,0.0,348.0,0.04128048246965465,0.05939308005467165,0.007219591,0.25799787687170134,0.015323288554976278,0.010273950375185074,0.0024303902052970994
29.0,8.0,11.0,37.0,2.496,7.995,104.54,101188.0,289.23,131.1,-1319.7,-130.1,578.5,48.1,714.7,0.0,1.2187878701265824,243.88016865176184,20.00502873465478,224157.49060077552,49.21,49.21,0.64,0.54,0.0,19.357,19.146,45.333,43.908,101188.0,1.472367638327818e-05,2.000608505594573,2.000608505594573,1.323896135517814,-12.365650134237764,28.547525139050563,-1.7192575823454523,-1.09676766581269,-4.632984536707024,0.0249964427710179,-0.2334754650416799,0.5390049560899799,-0.0232432266564304,-0.1255187463089271,-0.0626348900759312,0.5395821689726242,0.0014992556700909,0.2334754650416799,0.5390049560899799,0.0572268106497111,0.2277294602604055,-0.0664034352837113,-0.1537765679011158,-0.1537765679011158,-0.0459035171706416,143.9,-1323.0,-121.1,576.5,22.5,708.9000000000001,-12.8,3.3,-9.0,2.0,25.6,5.8,rudder_0_elevator_0,raw_rudder_0_elevator_0.txt,0.0,0.0,20,2.5,8.0,2.000608505594573,2.0,0.20788021835831724,0.03949449092268637,0.1322601639979709,0.04099374659277727,0.09345031778658384,0.5280802694448832,0.163921871209179,0.12085589315596093,0.02296102059587951,0.07689245458351764,0.024460276265970412,0.07994308274647667,0.5380050118966969,0.22453891791772515,0.02385641275443468,-0.022357157084343778,-1.1842758845939618,0.11767744280240636,0.2353548856048127,True,0.00285,0.0583196428571428,0.0092047157622739,-0.0198333333333333,0.0212125,-0.02055,True,0.09630031778658385,0.2222415140663218,0.5372849852071571,-0.0862367686170446,-0.1325640679011158,-0.0664535171706416,-0.1325640679011158,20.0,0.0,True,exact_AoS_exact_dR,8.0,0.0,107.0,0.05745718394962356,0.06143498782801944,0.007219591,0.27886877097698043,0.017132299550585532,0.01886083428637475,0.003980986278847973
14.0,7.0,59.0,10.0,2.496,8.0,415.27,101192.0,289.71,278.5,-5097.7,-397.9,2325.0,-116.1,2734.7,0.0,1.216816646064224,973.2174971615264,39.99515469372042,446847.75104092766,98.43,98.43,6.61,6.4,0.0,21.365,21.536,30.487,30.144,101192.0,1.4766519538545984e-05,1.999660151270639,1.999660151270639,2.67955245368697,-47.732128462512726,115.3908812435864,-6.297831942150662,-4.650451632708861,-17.853155834919452,0.0126780697202252,-0.2258404203693858,0.5459619331099399,-0.021336005493261,-0.1333692363833339,-0.0604835178939068,0.5459960849421571,-0.0111104043495336,0.2258404203693858,0.5459619331099399,0.0439855992421506,0.2218781106458244,-0.0624417966915293,-0.1581550879664135,-0.1581550879664135,-0.0435774101913899,291.3,-5101.0,-388.9,2323.0,-141.7,2728.9,-12.8,3.3,-9.0,2.0,25.6,5.8,rudder_0_elevator_0,raw_rudder_0_elevator_0.txt,0.0,0.0,40,2.5,8.0,1.999660151270639,2.0,0.20822270368949522,0.03959709035627289,0.1326037516122236,0.028486686006739287,0.08031013186710734,0.5350327782963914,0.15805284627449415,0.15673364249398097,0.02980556919939292,0.09981365446845568,0.01869516484985932,0.07347310028077307,0.544663911285345,0.2177339126365688,0.02058021377653152,-0.03169061812606512,-6.698852872995953,0.16664623911578014,0.3332924782315603,True,0.00285,0.0583196428571428,0.0092047157622739,-0.0198333333333333,0.0212125,-0.02055,True,0.08316013186710734,0.21637248913163695,0.5442374940586653,-0.0822751300248626,-0.1369425879664135,-0.0641274101913899,-0.1369425879664135,40.0,0.0,True,exact_AoS_exact_dR,8.0,0.0,373.0,0.05536457036537403,0.05295461198253305,0.007219591,0.2862600738515555,0.015158791136900376,0.00978677036483293,0.00273594411830529
19.0,8.0,2.0,25.0,2.496,8.005,415.39,101195.0,289.86,284.1,-5122.0,-413.4,2337.9,-114.5,2732.8,0.0,1.21622300997786,973.500884146731,40.01073828644778,446624.3700950521,98.43,98.43,6.52,6.78,0.0,21.407,21.859,30.494,30.118,101195.0,1.477966153200642e-05,2.0004392928848964,2.0004392928848964,2.7312473459338054,-48.142912101942734,115.27225835190949,-6.270643180953521,-4.683874037626978,-17.841965428168702,0.012918897815415,-0.227717699353539,0.5452419125706428,-0.0212377103827304,-0.1342886469436774,-0.0604280108893895,0.5452872354889872,-0.0108384481008774,0.227717699353539,0.5452419125706428,0.0445048720051818,0.223699720356187,-0.0628746268093661,-0.1591423766402386,-0.1591423766402386,-0.0435407179717006,296.90000000000003,-5125.3,-404.4,2335.9,-140.1,2727.0,-12.8,3.3,-9.0,2.0,25.6,5.8,rudder_0_elevator_0,raw_rudder_0_elevator_0.txt,0.0,0.0,40,2.5,8.0,2.0004392928848964,2.0,0.2079413451374896,0.03951278795154146,0.13232143755740947,0.028674339850664057,0.08074552227087677,0.5343164290965166,0.1598827661570828,0.15639663945354088,0.029718319110494763,0.09952146913331367,0.018879871009617362,0.07390569333566833,0.543947690456056,0.21956508797057786,0.02058021377653152,-0.031418661877408924,-6.64329985927443,0.16534492127512615,0.3306898425502523,True,0.00285,0.0583196428571428,0.0092047157622739,-0.0198333333333333,0.0212125,-0.02055,True,0.08359552227087677,0.2182024090142256,0.5435211448587904,-0.0827079601426994,-0.1379298766402386,-0.0640907179717006,-0.1379298766402386,40.0,0.0,True,exact_AoS_exact_dR,8.0,0.0,373.0,0.05536457036537403,0.05295461198253305,0.007219591,0.2854940464024528,0.015118226450565172,0.010262725454937562,0.0027983701120074195
30.0,8.0,12.0,3.0,2.496,10.0,104.35,101189.0,289.23,275.9,-946.0,-97.8,526.8,108.5,479.3,0.0,1.2187999149132185,243.43693926644173,19.98674307357949,223954.8119558709,49.21,49.21,0.61,0.57,0.0,19.246,19.051,45.458,44.008,101189.0,1.472353087658888e-05,1.998779842933656,1.998779842933656,2.565396612103248,-9.397270636884524,28.90867164337575,0.0346801363503658,-1.6456958592041184,-3.110542281309145,0.0485253659171815,-0.1777526305781426,0.5468175419957251,0.000469706178459,-0.188683332688573,-0.0421290422023828,0.5484120189448478,0.0246656207803266,0.1777526305781426,0.5468175419957251,0.0786545769483922,0.1666258273495302,-0.0288152762675294,-0.2193728511106327,-0.2193728511106327,-0.0241004589743181,278.9,-956.7,-87.6,525.5999999999999,80.8,475.6,-3.0,10.7,-10.2,1.2,27.7,3.7,rudder_0_elevator_0,raw_rudder_0_elevator_0.txt,0.0,0.0,20,2.5,10.0,1.998779842933656,2.0,0.20854039643978603,0.0396924448749201,0.13292307726953909,0.06435806565524671,0.11145691886405774,0.536084234527166,0.09782020295280347,0.12139433284080789,0.023105537088603106,0.07737641512032897,0.04777115786892971,0.10138750099408031,0.5458113041611325,0.16261739948987916,0.05020857742731612,-0.025542956646989516,-1.350571143190195,0.1342003074437269,0.2684006148874538,True,0.00625,0.0619196428571428,0.0090047157622739,-0.0189333333333333,0.0170125,-0.0201499999999999,True,0.11770691886405775,0.15973984580994627,0.5450889502894399,-0.0477486096008627,-0.2023603511106327,-0.044250458974318,-0.2023603511106327,20.0,0.0,True,exact_AoS_exact_dR,10.0,0.0,124.0,0.07684518124363686,0.06371570194234737,0.007219591,0.28738630650857755,0.01831102024781261,0.016300717372608273,0.004153786525696922
18.0,8.0,2.0,4.0,2.496,10.0,415.46,101192.0,289.85,104.2,-6118.5,-694.4,2709.2,-275.5,3205.9,0.0,1.2162289133388524,973.6661938368816,40.014038132906045,446675.3285531385,98.43,98.43,7.09,6.43,0.0,21.409,21.823,30.55,30.14,101192.0,1.4779194209807951e-05,2.000604277156577,2.000604277156577,0.9882850120363784,-58.29817614634724,116.96068544121565,-6.399412920426812,-4.962308336406782,-20.96031974134215,0.0046738298596078,-0.2757056447431462,0.5531343057494799,-0.0216701540181817,-0.1422473209441926,-0.0709773478775495,0.5528130711274231,-0.0194194045527236,0.2757056447431462,0.5531343057494799,0.0524786066641352,0.2707054544544336,-0.0772599530210152,-0.1605771537634964,-0.1605771537634964,-0.0550879118090203,107.2,-6129.2,-684.1999999999999,2708.0,-303.2,3202.2000000000003,-3.0,10.7,-10.2,1.2,27.7,3.7,rudder_0_elevator_0,raw_rudder_0_elevator_0.txt,0.0,0.0,40,2.5,10.0,2.000604277156577,2.0,0.20788174594342787,0.039494948094612556,0.13226169498704096,0.020075543541888955,0.0850866367449889,0.5424095991947101,0.20193409247685523,0.15632134359483751,0.029699112460977433,0.09945714941287503,0.010279707908253832,0.08169877433263609,0.5518409200775755,0.2655531505136518,0.027790533108513232,-0.04720993766123684,-9.983971652177543,0.24848961045316645,0.4969792209063329,True,0.00625,0.0619196428571428,0.0090047157622739,-0.0189333333333333,0.0170125,-0.0201499999999999,True,0.0913366367449889,0.26385373533399803,0.551414314956984,-0.0961932863543485,-0.1435646537634964,-0.0752379118090202,-0.1435646537634964,40.0,0.0,True,exact_AoS_exact_dR,10.0,0.0,391.0,0.06885309636054321,0.054838597447374196,0.007219591,0.2942081732985661,0.01613396358124737,9.957680319831741e-05,0.001819206876543884
