V_round,AoS_round,dE,dR,fit_used,CD0_fit,k_fit,R2_fit
20.0,-10.0,-20,0,True,0.07088106141050593,0.06207038230839661,0.6763764700871266
20.0,-10.0,-15,0,True,0.06385479236999529,0.06506746826165276,0.7318048523795788
20.0,-10.0,-10,-20,True,0.08001186418192464,0.05570409105862664,0.8149001805200577
20.0,-10.0,-10,-10,True,0.06582358453211219,0.056134211069363185,0.7853585695213181
20.0,-10.0,-10,0,True,0.05840284312952487,0.0637930720270913,0.7439676196534956
20.0,-10.0,-10,10,True,0.05392194167062356,0.057433634051526336,0.7874131680189188
20.0,-10.0,-10,20,True,0.05602357804669631,0.06045856778110266,0.8214828865540038
20.0,-10.0,-5,0,True,0.05584660079696225,0.06749647550456028,0.7619668044108601
20.0,-10.0,0,-20,True,0.0711560246828922,0.05570547749135033,0.8356628722861129
20.0,-10.0,0,0,True,0.05300985056343986,0.06379156056098444,0.764776102702684
20.0,-10.0,0,10,True,0.048489916402321975,0.05616067741907878,0.8111817414233571
20.0,-10.0,0,20,True,0.05157030521119239,0.05835414317138123,0.8146675925491831
20.0,-10.0,5,0,True,0.05351347460598563,0.06631100279987266,0.7692917333293048
20.0,-10.0,10,-20,True,0.06783360837933262,0.05930813363704066,0.8483240283142672
20.0,-10.0,10,-10,True,0.05816145605091131,0.05860744483110034,0.8305343059803502
20.0,-10.0,10,0,True,0.051982844671412544,0.06714215476843963,0.8069849119692377
20.0,-10.0,10,10,True,0.04825518621508954,0.06119619774906637,0.8388561911676472
20.0,-10.0,10,20,True,0.05058683544142255,0.060866207301948624,0.8388700649762291
20.0,-10.0,15,0,True,0.05517226855187383,0.06860567700302979,0.8080793454900107
20.0,-10.0,20,0,True,0.05903080297692217,0.06896412199516704,0.8119588378636986
20.0,-8.0,-10,-20,True,0.07755184292421854,0.056778222001111656,0.8147092124555534
20.0,-8.0,-10,-10,True,0.06664870260428349,0.05790838879272923,0.802973431248367
20.0,-8.0,-10,0,True,0.0605337578164101,0.05919519387561839,0.8087924946238639
20.0,-8.0,-10,10,True,0.057728774079875964,0.06064421634454399,0.8193122739138368
20.0,-8.0,-10,20,True,0.06175291692386033,0.05921167978943751,0.8133812041554023
20.0,-8.0,0,-20,True,0.07037549705404472,0.05798622352871172,0.8346038909600664
20.0,-8.0,0,0,True,0.05547184999559741,0.05999992278014588,0.8384095566615687
20.0,-8.0,0,10,True,0.0524425255250225,0.060261070640651664,0.8455413405583739
20.0,-8.0,0,20,True,0.05623712160340063,0.061591834210143415,0.840558694213532
20.0,-8.0,10,-20,True,0.06888332550237834,0.060530685210008164,0.8541649629374167
20.0,-8.0,10,-10,True,0.05963273850769622,0.061766898168969055,0.8544491004860739
20.0,-8.0,10,0,True,0.055502853801858425,0.062088395130455803,0.8556367909913601
20.0,-8.0,10,10,True,0.052611486316002355,0.0629183375715495,0.859110853231524
20.0,-8.0,10,20,True,0.056184214402624555,0.0612794236637523,0.8563207533516151
20.0,-5.0,-20,0,True,0.06679965898540079,0.07225002922016656,0.8092949115482175
20.0,-5.0,-15,0,True,0.06055048188512455,0.07240077886233019,0.8217696925626734
20.0,-5.0,-10,0,True,0.05629463746496353,0.07376932322151622,0.8378221457662325
20.0,-5.0,-5,0,True,0.05314921409804249,0.07286810832082781,0.8485018093081185
20.0,-5.0,0,0,True,0.051079178076007606,0.07354421313185275,0.8566133377655483
20.0,-5.0,5,0,True,0.050653711133580415,0.07295922330152978,0.8629439851895335
20.0,-5.0,10,0,True,0.05137787325495197,0.07342574450912624,0.8678054072654269
20.0,-5.0,15,0,True,0.05332892437564719,0.07315165126572232,0.8742763976971669
20.0,-5.0,20,0,True,0.05748549103044036,0.07299479754892357,0.8789834065163669
20.0,-4.0,-10,-20,True,0.06247376426109758,0.06220676089714508,0.8646084466449937
20.0,-4.0,-10,-10,True,0.05401541241761901,0.06308780426962571,0.8460494105353478
20.0,-4.0,-10,0,True,0.04928132405825528,0.06399582652961826,0.8549307330363815
20.0,-4.0,-10,10,True,0.0495769261871742,0.0641279194145333,0.8613885864982511
20.0,-4.0,-10,20,True,0.05537871920006784,0.06274147632828753,0.8551832067628693
20.0,-4.0,0,-20,True,0.057411753985743226,0.062270034433532996,0.8692352060115216
20.0,-4.0,0,0,True,0.04459448467397018,0.06524722446937652,0.8817432661953508
20.0,-4.0,0,10,True,0.044649161064905865,0.0644157912263449,0.8749212841496083
20.0,-4.0,0,20,True,0.050195757924293656,0.0644654879582014,0.8803600700535524
20.0,-4.0,10,-20,True,0.056630530485761985,0.06309920792558515,0.8858649922667721
20.0,-4.0,10,-10,True,0.048177971165340734,0.0652902027365405,0.893239208586299
20.0,-4.0,10,0,True,0.0452424461880775,0.06622037196225765,0.8935822728196763
20.0,-4.0,10,10,True,0.04625215115885723,0.06520958189662934,0.8883857172157262
20.0,-4.0,10,20,True,0.0497318944285146,0.06520295803118487,0.8942548809595606
20.0,0.0,-20,0,True,0.05658613414284191,0.07694511810693984,0.7747633589784916
20.0,0.0,-15,0,True,0.05045718195483989,0.07657550801013235,0.7895920624840563
20.0,0.0,-10,-20,True,0.057145094814928514,0.05931243622571533,0.900656032435555
20.0,0.0,-10,-10,True,0.04919159656332319,0.060517393129185935,0.8964881358937857
20.0,0.0,-10,0,True,0.0462139257504342,0.07169448811621237,0.8009652016840876
20.0,0.0,-10,10,True,0.04951609615279557,0.060288617062176676,0.8995749656055317
20.0,0.0,-10,20,True,0.057086978888833066,0.059267226315831936,0.9025473353350019
20.0,0.0,-5,0,True,0.042946895733509995,0.07547229844224307,0.8092291622210255
20.0,0.0,0,-20,True,0.05003931213822429,0.06226022475779478,0.9082660424122588
20.0,0.0,0,0,True,0.04048578852989734,0.0724142769537542,0.8252611889297087
20.0,0.0,0,10,True,0.04310719066515987,0.06313170696851911,0.9043018615495542
20.0,0.0,0,20,True,0.05125966006693144,0.06177502964724273,0.9146065171979598
20.0,0.0,5,0,True,0.04031264667165059,0.0754090444398669,0.8306841786112107
20.0,0.0,10,-20,True,0.049990606706258996,0.062083338767996155,0.9267129462114866
20.0,0.0,10,-10,True,0.04344835894840897,0.06348478954976718,0.923516070500535
20.0,0.0,10,0,True,0.0411749114851824,0.07254662321607615,0.8477309939536062
20.0,0.0,10,10,True,0.044922039733208116,0.06280756501512916,0.9309129452214925
20.0,0.0,10,20,True,0.05029408566199202,0.0623407729130005,0.9273193589219196
20.0,0.0,15,0,True,0.04323406718679986,0.07525814210988332,0.8351360062898794
20.0,0.0,20,0,True,0.047333395435979926,0.0752661363119372,0.8344275776739566
20.0,4.0,-10,-20,True,0.057179792521969385,0.05877325355609482,0.877992413047108
20.0,4.0,-10,-10,True,0.050968022486718015,0.05962292957210914,0.885801706644915
20.0,4.0,-10,0,True,0.05074463433941517,0.059858098866388536,0.8825726425755375
20.0,4.0,-10,10,True,0.05482618762067761,0.06033061121404329,0.8634866702183404
20.0,4.0,-10,20,True,0.06421980554474713,0.05799229928156564,0.8738222530175053
20.0,4.0,0,-20,True,0.051253482617050115,0.0608109894419562,0.8914478355068226
20.0,4.0,0,0,True,0.045827353298402373,0.06183952257534083,0.8956388386583229
20.0,4.0,0,10,True,0.04898797795224992,0.06155773032271856,0.8799886446092225
20.0,4.0,0,20,True,0.05829460165251597,0.06039134207083006,0.8824342759864543
20.0,4.0,10,-20,True,0.051534865517701124,0.06077750470990779,0.9035835193362186
20.0,4.0,10,-10,True,0.04555267066479625,0.06328546287182257,0.8976317875554675
20.0,4.0,10,0,True,0.04571680731320402,0.06407162155347969,0.892532534528419
20.0,4.0,10,10,True,0.05038438209753537,0.06282624412530018,0.8826771584559073
20.0,4.0,10,20,True,0.05677501749026234,0.0615572735451492,0.8905462687066205
20.0,5.0,-20,0,True,0.06984121009666704,0.07308999906162598,0.7355850938196655
20.0,5.0,-15,0,True,0.06496188228868964,0.0723279230692363,0.7464127630278052
20.0,5.0,-10,0,True,0.06063521882465253,0.07139970246596834,0.7565765247750356
20.0,5.0,-5,0,True,0.051010656162183934,0.07515687103109778,0.791909726005095
20.0,5.0,0,0,True,0.04760959704234924,0.07519869583342616,0.800028124439945
20.0,5.0,5,0,True,0.04740399371231607,0.07743308077637617,0.813881413140056
20.0,5.0,10,0,True,0.05266304363103365,0.07605726807358695,0.8073389495546922
20.0,5.0,15,0,True,0.05037296595715507,0.07418386072817175,0.8197678567261807
20.0,5.0,20,0,True,0.06265578220047255,0.07217086434219275,0.8202986503458967
20.0,7.0,0,10,True,0.07110955228617026,0.06041496855486048,0.8043500965276322
20.0,8.0,-10,-20,True,0.06413332235227182,0.059401348324315185,0.8156989449018692
20.0,8.0,-10,-10,True,0.05925975348395738,0.0608186442489459,0.8156038281624062
20.0,8.0,-10,0,True,0.06195742325150953,0.060210905101448206,0.8031481907990938
20.0,8.0,-10,10,True,0.06826105321190808,0.05989295073220526,0.7951422059586166
20.0,8.0,-10,20,True,0.07912525566444309,0.05789986621000655,0.7886217202979784
20.0,8.0,0,-20,True,0.057796539737821236,0.06239527018080098,0.8118997816748825
20.0,8.0,0,0,True,0.05663534055012877,0.06232647958482827,0.8240858810430706
20.0,8.0,0,10,True,0.06199246655047585,0.0613891694450471,0.8087444073022202
20.0,8.0,0,20,True,0.07295661446545457,0.05932773321939084,0.8381826264028115
20.0,8.0,10,-20,True,0.057877579073029525,0.06215250726652952,0.8225872844013661
20.0,8.0,10,-10,True,0.05371592737240789,0.06356788508927809,0.8341559598120696
20.0,8.0,10,0,True,0.058724728567715205,0.06319765580454348,0.7806242639730304
20.0,8.0,10,10,True,0.06513084701975981,0.06176216171815762,0.7860342794687336
20.0,8.0,10,20,True,0.07264865525603319,0.06059148113732816,0.7986909927326877
20.0,10.0,-20,0,True,0.09145532247066661,0.06721224178869897,0.6590034171559372
20.0,10.0,-15,0,True,0.08658360487519576,0.06814230897273357,0.6697786547379567
20.0,10.0,-10,-20,True,0.07763939394556549,0.05472884695763809,0.7868180252919127
20.0,10.0,-10,-10,True,0.0740285649436114,0.059552364292240464,0.7573824370179078
20.0,10.0,-10,0,True,0.08062018629276466,0.06474598656257963,0.706053787657436
20.0,10.0,-10,10,True,0.08675722138542638,0.05591170446770785,0.7229044808126857
20.0,10.0,-10,20,True,0.09999827712849167,0.054135090721763666,0.7686637094711177
20.0,10.0,-5,0,True,0.07848927048622509,0.06816304207148657,0.7064404592726787
20.0,10.0,0,-20,True,0.07154089395552561,0.059215875331940816,0.7654832526007065
20.0,10.0,0,0,True,0.0757460200831554,0.06464028946273397,0.7355337473491411
20.0,10.0,0,10,True,0.08135732008940412,0.05770968952006572,0.7699234999331168
20.0,10.0,0,20,True,0.0948548522412386,0.055012021902306814,0.8002266001369224
20.0,10.0,5,0,True,0.07676627962869066,0.06843591010603631,0.7307098905571225
20.0,10.0,10,-20,True,0.07184327495774803,0.06194332318586638,0.8291898383346642
20.0,10.0,10,-10,True,0.07087095447824202,0.060535156864273895,0.7964696093885014
20.0,10.0,10,0,True,0.07576730938567848,0.0664553548269967,0.7489658206505159
20.0,10.0,10,10,True,0.08412704829727555,0.057350840890008754,0.8068250324534962
20.0,10.0,10,20,True,0.09237496136417488,0.057277606538809776,0.8157302239854924
20.0,10.0,15,0,True,0.07807489232294061,0.0691398345407513,0.7549515928264126
20.0,10.0,20,0,True,0.08226875285623304,0.06893727649609399,0.7592413310474365
27.5,-5.0,5,0,False,,,
29.5,-8.0,-10,20,False,,,
29.5,-4.0,-10,20,False,,,
29.5,-4.0,0,-20,False,,,
30.0,-10.0,-20,0,True,0.06813317696923349,0.05493060728422962,0.6594054668013172
30.0,-10.0,-10,-20,True,0.06211520016647198,0.05051829890405629,0.8665917518998123
30.0,-10.0,-10,-10,True,0.050019712255963474,0.05068419537145656,0.8560066232178369
30.0,-10.0,-10,0,True,0.05660264706300575,0.05745301158758284,0.7365421447182665
30.0,-10.0,-10,10,True,0.039160555857647016,0.053448139614575466,0.8552761792132187
30.0,-10.0,-10,20,True,0.04283069451760117,0.05020714830327459,0.8568690773964792
30.0,-10.0,0,-20,True,0.054749904712078676,0.05227516741461286,0.9019057114803835
30.0,-10.0,0,-10,True,0.057841799209347726,0.053179942716912,0.8780799525098363
30.0,-10.0,0,0,True,0.04680140827165292,0.0601596678029679,0.7505765348349398
30.0,-10.0,0,10,True,0.04756138242565629,0.05232405837016218,0.8789572287938082
30.0,-10.0,0,20,True,0.037756495661866576,0.05403169124767655,0.8938881964042891
30.0,-10.0,10,-20,True,0.0537887836815139,0.05644515432236486,0.9118297565147695
30.0,-10.0,10,-10,True,0.05607540035148996,0.05670121768927156,0.8950026155917715
30.0,-10.0,10,0,True,0.04758983922672947,0.061511789894594354,0.7778400416744354
30.0,-10.0,10,10,True,0.0378212445785449,0.056449316873988534,0.864841086610416
30.0,-10.0,10,20,True,0.0353433673545621,0.058512449402642656,0.9070878807934014
30.0,-10.0,20,0,True,0.05766234191625772,0.06340568267436013,0.7979826957958331
30.0,-8.0,-10,-20,True,0.06269750051120514,0.05521640133241856,0.8802569964897875
30.0,-8.0,-10,-10,True,0.05186120681946988,0.05623098671605429,0.8794480285800886
30.0,-8.0,-10,0,True,0.056846455858667086,0.05512805049713594,0.8728377632454813
30.0,-8.0,-10,10,True,0.04403316826864984,0.057611621462232546,0.8809917304705932
30.0,-8.0,-10,20,True,0.04813273916744843,0.05643311955020425,0.8572439850025366
30.0,-8.0,0,-20,True,0.055247182152238346,0.05733248937349234,0.8905625842808809
30.0,-8.0,0,-10,True,0.05787643371627384,0.05618851861699157,0.889184081280751
30.0,-8.0,0,0,True,0.041545413752710224,0.05936875625141547,0.8882196337518826
30.0,-8.0,0,10,True,0.04930521749302834,0.05776058242897559,0.8921158207391652
30.0,-8.0,0,20,True,0.04355163713379855,0.05828981926149661,0.8966744786561598
30.0,-8.0,10,-20,True,0.05496541846442193,0.058771254360496385,0.9061762655839554
30.0,-8.0,10,-10,True,0.05669253099442512,0.05825262014720175,0.8967208034864075
30.0,-8.0,10,0,True,0.05160240959005695,0.05959271553874654,0.8924024556985879
30.0,-8.0,10,10,True,0.04906612004639574,0.05947875213852062,0.900379712417551
30.0,-8.0,10,20,True,0.04145737622730352,0.06015691944226983,0.9062698565639392
30.0,-5.0,-20,0,True,0.05859960699363582,0.06750560524044305,0.8088574959731427
30.0,-5.0,-10,0,True,0.04731625353663158,0.06937837969848333,0.8473391831895747
30.0,-5.0,0,0,True,0.04244280995217725,0.07011695634645759,0.8612361110388018
30.0,-5.0,10,0,True,0.0423587118719079,0.07058960527248521,0.8693979897539732
30.0,-5.0,20,0,True,0.04819307589830102,0.07039809408068624,0.8821163820576307
30.0,-4.0,-10,-20,True,0.059304033281838836,0.057434299709495595,0.8749035510628137
30.0,-4.0,-10,-10,True,0.050241272209514055,0.0587657516961946,0.8773054936041207
30.0,-4.0,-10,0,True,0.04647106259511366,0.0594887370128491,0.8790961156021728
30.0,-4.0,-10,10,True,0.04638701851181171,0.05966927721276026,0.8810564440186067
30.0,-4.0,-10,20,True,0.05564985604096352,0.045618572754271315,0.9209073456270509
30.0,-4.0,0,-20,True,0.055796149281265556,0.04804953067889115,0.9386040312259127
30.0,-4.0,0,-10,True,0.04557851869459751,0.060854366675294876,0.8951664110321165
30.0,-4.0,0,0,True,0.04193287176114925,0.061570046459779655,0.8985861755559429
30.0,-4.0,0,10,True,0.041311584860671144,0.061739542693046164,0.9022398607550527
30.0,-4.0,0,20,True,0.047434599854532064,0.06081971552839063,0.8981492914667717
30.0,-4.0,10,-20,True,0.052253093700932174,0.06087840064072982,0.905961579186468
30.0,-4.0,10,-10,True,0.044910978554255444,0.06199036459136959,0.9092943790823916
30.0,-4.0,10,0,True,0.0421339281403395,0.0627056381833632,0.9115606253119035
30.0,-4.0,10,10,True,0.041940840527148394,0.06242994889419024,0.9123076744865616
30.0,-4.0,10,20,True,0.046467661156656445,0.061835098541524455,0.9137166603871101
30.0,0.0,-20,0,True,0.05301538486438628,0.07054681191645813,0.8380952914600023
30.0,0.0,-10,-20,True,0.05156965233577152,0.05998107781260325,0.8754149432146815
30.0,0.0,-10,-10,True,0.04411557657223499,0.06030532449299104,0.8744771723129241
30.0,0.0,-10,0,True,0.042010098534299045,0.0688510752711717,0.8560829720570414
30.0,0.0,-10,10,True,0.04413020410855794,0.06038460372474849,0.8756191624988716
30.0,0.0,-10,20,True,0.0515331238288659,0.05978764050698015,0.8757205700365978
30.0,0.0,-5,0,True,0.039394094985467226,0.07139731716961835,0.8701550207129847
30.0,0.0,0,-20,True,0.043981947428213215,0.06183043159964907,0.8911163429555945
30.0,0.0,0,-10,True,0.039721238703107516,0.06206151820704042,0.891343642821754
30.0,0.0,0,0,True,0.03690729504868836,0.06937480272211503,0.8789271943693163
30.0,0.0,0,10,True,0.03910922037632861,0.06217229354573906,0.8914261497215881
30.0,0.0,0,20,True,0.04658066811361054,0.06169734069261917,0.8957974823433508
30.0,0.0,10,-20,True,0.044896079355523935,0.06252890009055771,0.9086168949876992
30.0,0.0,10,-10,True,0.03872809674337833,0.06348945300786464,0.9099112667571906
30.0,0.0,10,0,True,0.036764685204868815,0.07021554956046155,0.8941836187847806
30.0,0.0,10,10,True,0.03937411165053465,0.06321477093050333,0.9092824872708883
30.0,0.0,10,20,True,0.04516359327107866,0.06248470968000118,0.907524724670757
30.0,0.0,20,0,True,0.043285309413647596,0.07158493037156186,0.9027012774106125
30.0,4.0,-10,-20,True,0.05403459955906174,0.056354902382014925,0.8762467324388675
30.0,4.0,-10,-10,True,0.04767604660880133,0.0573609524236339,0.8793250137300388
30.0,4.0,-10,0,True,0.04789439834787871,0.05775845994120844,0.8787796906144044
30.0,4.0,-10,10,True,0.052035103194468434,0.056470272578202425,0.8736553730443737
30.0,4.0,-10,20,True,0.06102800951009801,0.05490033347217667,0.8749993855410754
30.0,4.0,0,-20,True,0.046085975702900496,0.05936430690565004,0.8987191602112337
30.0,4.0,0,-10,True,0.04376259918807007,0.05938847250430089,0.8976311121124034
30.0,4.0,0,0,True,0.04332055807138772,0.05979297350195105,0.8985989014915157
30.0,4.0,0,10,True,0.04713412213162634,0.058610220351493075,0.8935236597981396
30.0,4.0,0,20,True,0.0560286594538899,0.056936908732090556,0.8938732933638033
30.0,4.0,10,-20,True,0.0466658136111876,0.06031927117778035,0.9114009750373682
30.0,4.0,10,-10,True,0.04329463466135255,0.060719378633678066,0.9091542511401813
30.0,4.0,10,0,True,0.043873667906017794,0.06086674401565897,0.9087214468815321
30.0,4.0,10,10,True,0.04785196848224327,0.05971841230930218,0.9064924776220584
30.0,4.0,10,20,True,0.05454153851434218,0.05893664256709169,0.9063491697777915
30.0,5.0,-20,0,True,0.06135440665869498,0.06412331615452888,0.8174736193239814
30.0,5.0,-10,0,True,0.0510674409291948,0.06557340797504202,0.8449741878249859
30.0,5.0,0,0,True,0.046598011761313,0.0668876878579468,0.8736797118589793
30.0,5.0,10,0,True,0.04645740970722817,0.06818963083708719,0.8871478844648267
30.0,5.0,20,0,True,0.0526671192885793,0.06734717353785014,0.8955953651875136
30.0,7.0,0,10,True,0.058195986472441535,0.05438619163028741,0.8790620660556061
30.0,8.0,-10,-20,True,0.062299543391993915,0.05194902876032746,0.8568911760140681
30.0,8.0,-10,-10,True,0.05776238952833508,0.052829560463243226,0.8640975462763262
30.0,8.0,-10,0,True,0.06009821216009208,0.052469637064374755,0.8584075527954427
30.0,8.0,-10,10,True,0.06620718185504015,0.051555809298058856,0.8545904184052111
30.0,8.0,-10,20,True,0.07692570939469727,0.04991977722727208,0.8608827646080656
30.0,8.0,0,-20,True,0.05449722061970076,0.05484588847299283,0.8780620738504419
30.0,8.0,0,-10,True,0.05381724774450541,0.054910603781031915,0.8794028692861834
30.0,8.0,0,0,True,0.055833941052132706,0.05427568997785775,0.8817660202473676
30.0,8.0,0,10,True,0.06127291250626872,0.05339780336332521,0.8759818856719599
30.0,8.0,0,20,True,0.07159128309189887,0.05234322452439795,0.8783480296517181
30.0,8.0,10,-20,True,0.05487320225498642,0.055993158083316744,0.8972318520785605
30.0,8.0,10,-10,True,0.05341498236942512,0.05633502538723061,0.8961977527713618
30.0,8.0,10,0,True,0.05623918085727096,0.05580426583110313,0.8940535271075121
30.0,8.0,10,10,True,0.06190937376211131,0.0549879198189731,0.8945420938489901
30.0,8.0,10,20,True,0.0699147219015461,0.054122280987227094,0.8984450639109526
30.0,10.0,-20,0,True,0.08943136715516022,0.05360957242654161,0.7621414210324555
30.0,10.0,-10,-20,True,0.06418821803388988,0.05062106642514162,0.857502577915127
30.0,10.0,-10,-10,True,0.06067356159497431,0.05163292798333188,0.8576762250580954
30.0,10.0,-10,0,True,0.07416783293457394,0.055567991004514566,0.7678167802540317
30.0,10.0,-10,10,True,0.07257958861099491,0.05015003487510431,0.859657957114409
30.0,10.0,-10,20,True,0.08541945584570615,0.04786157477528555,0.8640102404558963
30.0,10.0,0,-20,True,0.05657270773834554,0.05365491312131972,0.8770398952018873
30.0,10.0,0,-10,True,0.05648409044941584,0.05408687251951122,0.8781142496939989
30.0,10.0,0,0,True,0.06901267842714917,0.05768444877341247,0.8066358804674219
30.0,10.0,0,10,True,0.06700351985148739,0.05243745052897343,0.8785866219364551
30.0,10.0,0,20,True,0.07907203839440356,0.0512758323825063,0.8837479691948583
30.0,10.0,5,0,True,0.07481989707122609,0.05853450088622613,0.845512672404929
30.0,10.0,10,-20,True,0.056654340457588825,0.05500119577969228,0.8966768795662106
30.0,10.0,10,-10,True,0.0562119963214882,0.055382845747662925,0.8940316234157213
30.0,10.0,10,0,True,0.06709146056607786,0.0585013621668774,0.8444645526808671
30.0,10.0,10,10,True,0.06739382150177453,0.054508145550723655,0.8998751412097079
30.0,10.0,10,20,True,0.07687355481517255,0.05344661518227873,0.9029890831682454
30.0,10.0,20,0,True,0.08010672266102659,0.059843640354163424,0.8683834589526294
39.5,-10.0,-20,0,True,0.06499511901247305,0.05302935689247829,0.695863049102512
39.5,-10.0,-15,0,True,0.059012623065118265,0.055074794379566964,0.7282040270733332
39.5,-10.0,-10,-20,True,0.06055135769274946,0.04827677508398268,0.8721000231231939
39.5,-10.0,-10,-10,True,0.048427185746146066,0.050039642722469795,0.8716788769503947
39.5,-10.0,-10,0,True,0.04985359555303608,0.05544579046057648,0.7253742370637981
39.5,-10.0,-10,10,True,0.03787702635893469,0.05079430198735823,0.8683979706506839
39.5,-10.0,-10,20,True,0.039847300697058184,0.050584179837182774,0.8744618888915645
39.5,-10.0,-5,0,True,0.05152370853301502,0.057916803653858685,0.7684620509431731
39.5,-10.0,0,-20,True,0.05157069572961207,0.05184500859620509,0.8842145302961968
39.5,-10.0,0,-10,True,0.043114094558469075,0.05477059377246265,0.8914409551386479
39.5,-10.0,0,0,True,0.04483421218814014,0.05801671552097082,0.7800682978185639
39.5,-10.0,0,10,True,0.03338578322512249,0.05359095048758076,0.8878015527779239
39.5,-10.0,0,20,True,0.03502449090972609,0.05310932558620251,0.8907577269187921
39.5,-10.0,5,0,True,0.048897695859502946,0.05966714045377535,0.8050765765930887
39.5,-10.0,10,-20,True,0.05246858755660613,0.054746005891518734,0.9060169200762505
39.5,-10.0,10,-10,True,0.04187153664872216,0.05581802829451952,0.9125780178219286
39.5,-10.0,10,0,True,0.04439130522722952,0.05982687711113714,0.8135260162825204
39.5,-10.0,10,10,True,0.03219812024876964,0.05741331881155168,0.9083913360613733
39.5,-10.0,10,20,True,0.032126676562560845,0.057782642673027816,0.9154047672262533
39.5,-10.0,15,0,True,0.050602331134791456,0.06155370099885059,0.8296090879656335
39.5,-10.0,20,0,True,0.0545992754815927,0.06179278910468018,0.8416360713160143
39.5,-8.0,-10,-20,True,0.05988937000235829,0.05497697674865114,0.8773241697395702
39.5,-8.0,-10,-10,True,0.0458797742275014,0.06102452199499547,0.8624877295289322
39.5,-8.0,-10,0,True,0.04074259123669431,0.06066297499629854,0.874820782469368
39.5,-8.0,-10,10,True,0.04164381241770411,0.05837506392353339,0.865602840648521
39.5,-8.0,-10,20,True,0.04161379377861601,0.061107877472490024,0.8677825510028359
39.5,-8.0,0,-20,True,0.05028017695364974,0.057834373495856496,0.8939255219200193
39.5,-8.0,0,-10,True,0.044725191086492866,0.05933780617452781,0.882220304661867
39.5,-8.0,0,0,True,0.039390312987287374,0.05988341654806271,0.8840589319836919
39.5,-8.0,0,10,True,0.037307284527553386,0.06039801652484372,0.8873252972335245
39.5,-8.0,0,20,True,0.04005501612443321,0.05978777862655403,0.8877876862465761
39.5,-8.0,10,-20,True,0.052059441242073,0.05906217434457887,0.9024386527874229
39.5,-8.0,10,-10,True,0.04373687835613429,0.060471426923960445,0.8927297065382597
39.5,-8.0,10,0,True,0.03981911202216943,0.06096769682317132,0.8955958288339474
39.5,-8.0,10,10,True,0.036795338095201316,0.06107555721659654,0.9002757905065446
39.5,-8.0,10,20,True,0.03772611580916508,0.0610705814467989,0.8988330395132953
39.5,-5.0,-20,0,True,0.056653299065498236,0.06692867728160906,0.8373101098461877
39.5,-5.0,-15,0,True,0.049652443529436686,0.06849017196308514,0.8537653591566552
39.5,-5.0,-10,0,True,0.045457210063530144,0.06924182341720002,0.8698668578896732
39.5,-5.0,-5,0,True,0.042573333061613206,0.06965788691203285,0.8734991942629384
39.5,-5.0,0,0,True,0.040749612172207815,0.07029685659544298,0.8776503522115366
39.5,-5.0,5,0,True,0.038617476509276404,0.07085472623679558,0.8838534850051897
39.5,-5.0,10,0,True,0.04045333645530568,0.0700221883356703,0.8920353189149474
39.5,-5.0,15,0,True,0.04200186369867,0.07062994827840532,0.8944347388533799
39.5,-5.0,20,0,True,0.04593321586279163,0.07081650776586426,0.8861115208153458
39.5,-4.0,-10,-20,True,0.05644768573319227,0.05760936225459447,0.8674660358235986
39.5,-4.0,-10,-10,True,0.04824961043097707,0.05862410530710847,0.865197802434486
39.5,-4.0,-10,0,True,0.04427826080155271,0.05960589185353407,0.8710518980479987
39.5,-4.0,-10,10,True,0.04407181412635081,0.059753701308648995,0.8737930574154732
39.5,-4.0,-10,20,True,0.04617370835925035,0.06239542810462553,0.8689638136804961
39.5,-4.0,0,-20,True,0.04647491626846803,0.06065546296999256,0.8899836873281554
39.5,-4.0,0,-10,True,0.043384734742266784,0.06099645653157817,0.8876014067707465
39.5,-4.0,0,0,True,0.03983680442815371,0.0615314439841012,0.8919380238149928
39.5,-4.0,0,10,True,0.04052986073383342,0.06134882628942227,0.8914551767628947
39.5,-4.0,0,20,True,0.04454821468640711,0.06092796579597005,0.8927871099042664
39.5,-4.0,10,-20,True,0.04884607363829446,0.061356095610257004,0.900567579575089
39.5,-4.0,10,-10,True,0.042494075786818894,0.06213448884349,0.9045117268989676
39.5,-4.0,10,0,True,0.04037600350475772,0.06288275955341438,0.906686863429599
39.5,-4.0,10,10,True,0.039556146591932066,0.06257603070119656,0.90620328491057
39.5,-4.0,10,20,True,0.042242363676118236,0.0625164507215339,0.9089499717610632
39.5,0.0,-20,0,True,0.05012596026160579,0.07157056540606688,0.8337281447824509
39.5,0.0,-15,0,True,0.04382537518055014,0.07242344522769785,0.8541323215861248
39.5,0.0,-10,-20,True,0.048440466225112215,0.060098246967335144,0.8772860747230674
39.5,0.0,-10,-10,True,0.03849696875703754,0.06396216021927131,0.8716417947573307
39.5,0.0,-10,0,True,0.038538555091855234,0.07020787299105778,0.8502345832899494
39.5,0.0,-10,10,True,0.04141210751981323,0.0604689010341715,0.8761134445467171
39.5,0.0,-10,20,True,0.04506277617426903,0.0634930441959253,0.8735211348940892
39.5,0.0,-5,0,True,0.03644509465309105,0.07256372273258743,0.8693851897576796
39.5,0.0,0,-20,True,0.039622133236997294,0.061842987227375704,0.895051965525669
39.5,0.0,0,-10,True,0.037159941618680574,0.062239472437898735,0.8934365594390046
39.5,0.0,0,0,True,0.03411372365275456,0.0699861512221289,0.8795632822627013
39.5,0.0,0,10,True,0.03798009581198745,0.06214926686693892,0.8936994213029019
39.5,0.0,0,20,True,0.04347730173670289,0.06172203570769755,0.8935396709084424
39.5,0.0,5,0,True,0.03372855802450467,0.07263936634166607,0.8876786430426616
39.5,0.0,10,-20,True,0.04083851180457972,0.06328552882523705,0.91142511621628
39.5,0.0,10,-10,True,0.036218326818575446,0.06339822946942153,0.9093717612370554
39.5,0.0,10,0,True,0.034165832949304614,0.07079078674117503,0.8924495264931521
39.5,0.0,10,10,True,0.03638929196525165,0.06372113223225291,0.9120519524675597
39.5,0.0,10,20,True,0.04091634123183115,0.06332048717528278,0.9101120406158072
39.5,0.0,15,0,True,0.03593554497344828,0.07265396636227016,0.9000105041662751
39.5,0.0,20,0,True,0.040174521562684584,0.07235680062573073,0.902300644889894
39.5,4.0,-10,-20,True,0.050806211144164004,0.05687929380912635,0.8827850236984898
39.5,4.0,-10,-10,True,0.042228480024531036,0.06139485254666983,0.8790567649598044
39.5,4.0,-10,0,True,0.042093846780622286,0.06146418192770964,0.880388566271563
39.5,4.0,-10,10,True,0.04873580505253848,0.057591506081449514,0.8819203411432056
39.5,4.0,-10,20,True,0.05437642087720138,0.058732921390102784,0.8711275363945947
39.5,4.0,0,-20,True,0.04353867753843232,0.059532337050014705,0.8994947924868248
39.5,4.0,0,-10,True,0.04070496692854287,0.06032062200706322,0.9026044125686152
39.5,4.0,0,0,True,0.040690023806115,0.060254941400334334,0.9017846067185512
39.5,4.0,0,10,True,0.045496783496768306,0.05938779797707703,0.8992418848337632
39.5,4.0,0,20,True,0.052398270012674955,0.05781338797703739,0.8973703084563948
39.5,4.0,10,-20,True,0.04344582740436382,0.06079448222242679,0.9128472504203391
39.5,4.0,10,-10,True,0.04027191073906138,0.06144150641282898,0.9137464537461236
39.5,4.0,10,0,True,0.04177410260926522,0.061346368217954556,0.9147906185185976
39.5,4.0,10,10,True,0.044786871045438575,0.06041872623174965,0.9112758749852317
39.5,4.0,10,20,True,0.04983261228011016,0.059980368969953006,0.9142548891578198
39.5,5.0,-20,0,True,0.05890355637448257,0.06485019938191677,0.8117331534702468
39.5,5.0,-15,0,True,0.05280800758619551,0.06611552175552396,0.8314338000915614
39.5,5.0,-10,0,True,0.04887143461437185,0.06635081376432658,0.8432334867252819
39.5,5.0,-5,0,True,0.04696619836955809,0.06721262689547769,0.8541483821465723
39.5,5.0,0,0,True,0.04421502126889904,0.0676092900220855,0.8672738381871699
39.5,5.0,5,0,True,0.04375459677037107,0.06820800607561439,0.8761159308157622
39.5,5.0,10,0,True,0.0441350544083064,0.0683514665102816,0.8806227626046398
39.5,5.0,15,0,True,0.045749660878625954,0.0684113289911982,0.8852999714033577
39.5,5.0,20,0,True,0.050057631628655175,0.06805932814221796,0.8894968693309906
39.5,7.0,0,10,True,0.05780647806322308,0.054871219351541475,0.8965819076993338
39.5,8.0,-10,-20,True,0.060846283122375576,0.050736493765741304,0.9049644339523246
39.5,8.0,-10,-10,True,0.05403212159585231,0.05450979981283475,0.9068282511318642
39.5,8.0,-10,0,True,0.056188702226331676,0.053725801458648054,0.906448096583932
39.5,8.0,-10,10,True,0.0648199250823333,0.05020201629123557,0.9033953924222328
39.5,8.0,-10,20,True,0.07092123643525008,0.051606396749827026,0.9037107551029713
39.5,8.0,0,-20,True,0.05514048310130199,0.05352238692770083,0.9191857194773608
39.5,8.0,0,-10,True,0.05233643945197726,0.05463107317460567,0.915348056515063
39.5,8.0,0,0,True,0.05457265883068167,0.05372304381163333,0.9199728114849166
39.5,8.0,0,10,True,0.060718490074324706,0.05309803559530733,0.9132830176199115
39.5,8.0,0,20,True,0.06937427737487216,0.05162793879697846,0.9165241861337968
39.5,8.0,10,-20,True,0.05315844724567089,0.05555614662946909,0.9307002352625274
39.5,8.0,10,-10,True,0.05206985356622923,0.05581047544226103,0.9311644977341996
39.5,8.0,10,0,True,0.055491023761017735,0.05532801206924094,0.9326138271379346
39.5,8.0,10,10,True,0.06018070853174298,0.054821791012452485,0.9273292074566001
39.5,8.0,10,20,True,0.06696342222073019,0.053778775412908174,0.9312298321700551
39.5,10.0,-20,0,True,0.08803356735234452,0.050736706006028344,0.7732081224569048
39.5,10.0,-15,0,True,0.08307259760428719,0.05218101071941092,0.7952513210439497
39.5,10.0,-10,-20,True,0.06311410796993465,0.048810881721819015,0.9050289245569275
39.5,10.0,-10,-10,True,0.05756843929615415,0.05229643230072157,0.9052263191237284
39.5,10.0,-10,0,True,0.07340772774489127,0.05287637888415419,0.7751546993228458
39.5,10.0,-10,10,True,0.0718012553847908,0.04827943739724074,0.903145255963824
39.5,10.0,-10,20,True,0.081633388332904,0.0466270905146528,0.9035735192483557
39.5,10.0,-5,0,True,0.07472957300734218,0.05522402296706638,0.8449913750598466
39.5,10.0,0,-20,True,0.05818830998516467,0.051879091238113094,0.9220551277596023
39.5,10.0,0,-10,True,0.055776119203424804,0.05238742414735786,0.9206579564627807
39.5,10.0,0,0,True,0.06786825062170045,0.05563436805477057,0.8305428690603764
39.5,10.0,0,10,True,0.06696490640186126,0.051125374549021656,0.9197785590948837
39.5,10.0,0,20,True,0.07722784226790044,0.049661201418856715,0.9199353648794916
39.5,10.0,5,0,True,0.07265671424279867,0.05698041254056552,0.8596133429398636
39.5,10.0,10,-20,True,0.05526883206205029,0.05429158361154804,0.9324727507654396
39.5,10.0,10,-10,True,0.05528550063751828,0.05446229508150518,0.9312468566785177
39.5,10.0,10,0,True,0.06397626905567118,0.05123460614346536,0.9206716255339399
39.5,10.0,10,10,True,0.06631926074738992,0.05360236959408373,0.9336253721781935
39.5,10.0,10,20,True,0.07052187205051541,0.05490696352940798,0.9313435490661984
39.5,10.0,15,0,True,0.07443697097894936,0.05861065129197264,0.8764576703389966
39.5,10.0,20,0,True,0.0780440257693716,0.058952355614170324,0.88074820247677
40.0,-10.0,-10,0,False,,,
40.0,-8.0,-10,-10,False,,,
40.0,-8.0,-10,0,False,,,
40.0,-8.0,-10,20,False,,,
40.0,-4.0,-10,20,False,,,
40.0,0.0,-10,-10,False,,,
40.0,0.0,-10,0,False,,,
40.0,0.0,-10,20,False,,,
40.0,4.0,-10,-10,False,,,
40.0,4.0,-10,0,False,,,
40.0,4.0,-10,20,False,,,
40.0,8.0,-10,-10,False,,,
40.0,8.0,-10,0,False,,,
40.0,8.0,-10,20,False,,,
40.0,10.0,-10,-10,False,,,
40.0,10.0,-10,0,False,,,
40.0,10.0,10,20,False,,,
