AoA [deg],AoS [deg],AoA_round,AoS_round,CD,CYaw,CL,CMroll,CMpitch,CMyaw
-5.0,-10.0,-5.0,-10,0.025999999999999995,-0.005750000000000001,0.023850000000000007,0.0049,-0.032249999999999994,0.0068000000000000005
-4.5,-10.0,-4.5,-10,0.026409999999999996,-0.004475000000000001,0.02188185975609756,0.00493,-0.03336672297297297,0.0069
-4.0,-10.0,-4.0,-10,0.026699999999999995,-0.004050000000000001,0.020649999999999998,0.005000000000000001,-0.03435,0.007000000000000001
-3.5,-10.0,-3.5,-10,0.026859642857142853,-0.004660256410256411,0.020148140243902445,0.005177142857142858,-0.035149999999999994,0.007095000000000001
-3.0,-10.0,-3.0,-10,0.026999999999999996,-0.005750000000000001,0.01975,0.0054,-0.035949999999999996,0.0072000000000000015
-2.5,-10.0,-2.5,-10,0.027199999999999995,-0.0068667706167706176,0.01918319444444445,0.005574107142857143,-0.03701702702702702,0.0073612500000000015
-2.0,-10.0,-2.0,-10,0.027399999999999994,-0.00795,0.018650000000000003,0.0057,-0.038049999999999994,0.0075000000000000015
-1.5,-10.0,-1.5,-10,0.02756285714285714,-0.008782347972972972,0.01828055555555556,0.005752083333333333,-0.038854999999999994,0.007568750000000001
-1.0,-10.0,-1.0,-10,0.027699999999999995,-0.00945,0.017950000000000004,0.0058,-0.03945,0.007600000000000001
-0.5,-10.0,-0.5,-10,0.027804999999999996,-0.010040625,0.017638499999999998,0.005916666666666667,-0.039779999999999996,0.007600000000000001
0.0,-10.0,0.0,-10,0.027899999999999994,-0.01035,0.017249999999999998,0.006,-0.040049999999999995,0.007600000000000001
0.5,-10.0,0.5,-10,0.02800833333333333,-0.010199999999999999,0.016420874999999998,0.005900000000000001,-0.0403875,0.0075625000000000015
1.0,-10.0,1.0,-10,0.0281,-0.01005,0.015450000000000002,0.0058,-0.04065,0.0075000000000000015
1.5,-10.0,1.5,-10,0.028166666666666666,-0.010219642857142858,0.014767013888888892,0.005883333333333334,-0.0407875,0.007437500000000001
2.0,-10.0,2.0,-10,0.028199999999999996,-0.01055,0.014050000000000003,0.006,-0.04085,0.0074
2.5,-10.0,2.5,-10,0.028149999999999994,-0.011080357142857142,0.013004715762273907,0.006066666666666666,-0.0405875,0.007450000000000002
3.0,-10.0,3.0,-10,0.0281,-0.01145,0.011850000000000003,0.006100000000000001,-0.04015,0.0075000000000000015
3.5,-10.0,3.5,-10,0.0281,-0.0109,0.01082670784883721,0.00595,-0.03981944444444444,0.0074
4.0,-10.0,4.0,-10,0.0281,-0.01035,0.009750000000000002,0.0058,-0.03945,0.007300000000000001
4.5,-10.0,4.5,-10,0.0280375,-0.010671428571428571,0.00833517530487805,0.0058285714285714295,-0.03891680555555555,0.007333333333333334
5.0,-10.0,5.0,-10,0.027899999999999994,-0.011349999999999999,0.007050000000000004,0.005900000000000001,-0.038349999999999995,0.0074
5.5,-10.0,5.5,-10,0.0276625,-0.012732275132275131,0.006119512195121954,0.006146428571428572,-0.03792336538461538,0.0075000000000000015
6.0,-10.0,6.0,-10,0.027299999999999998,-0.01385,0.005650000000000002,0.006500000000000001,-0.03745,0.007600000000000001
6.5,-10.0,6.5,-10,0.02677142857142857,-0.013953439153439154,0.006292857142857145,0.006825000000000001,-0.03668261434511434,0.0076500000000000005
7.0,-10.0,7.0,-10,0.026099999999999998,-0.01405,0.007150000000000004,0.0071,-0.03575,0.007700000000000002
7.5,-10.0,7.5,-10,0.025128571428571424,-0.014549378881987578,0.0075571428571428595,0.007300000000000001,-0.03452027027027027,0.007800000000000001
8.0,-10.0,8.0,-10,0.024499999999999994,-0.01525,0.007750000000000003,0.0074,-0.033749999999999995,0.0079
8.5,-10.0,8.5,-10,0.025709183673469388,-0.015943478260869566,0.00011280120481927877,0.0074,-0.03399705882352941,0.007966666666666667
9.0,-10.0,9.0,-10,0.027499999999999997,-0.01635,-0.007949999999999997,0.0074,-0.03455,0.008
9.5,-10.0,9.5,-10,0.02874081632653061,-0.0159225,-0.008612801204819274,0.007678571428571429,-0.036002941176470585,0.007737500000000001
10.0,-10.0,10.0,-10,0.029399999999999996,-0.015449999999999998,-0.008849999999999998,0.008,-0.037149999999999996,0.0074
10.5,-10.0,10.5,-10,0.028949999999999997,-0.015377500000000002,-0.002948041044776117,0.008050595238095239,-0.035899999999999994,0.007287500000000002
11.0,-10.0,11.0,-10,0.028499999999999998,-0.015349999999999999,0.006250000000000002,0.008100000000000001,-0.03464999999999999,0.0072000000000000015
11.5,-10.0,11.5,-10,0.028642857142857144,-0.0154,0.012237193937338103,0.008308333333333334,-0.034812328767123285,0.007105
12.0,-10.0,12.0,-10,0.028999999999999998,-0.015449999999999998,0.017950000000000004,0.0086,-0.03525,0.007000000000000001
12.5,-10.0,12.5,-10,0.030607142857142854,-0.015349999999999999,0.02495327134986226,0.00885,-0.038737671232876705,0.006820000000000001
13.0,-10.0,13.0,-10,0.032,-0.01525,0.03045,0.0091,-0.041949999999999994,0.006700000000000001
13.5,-10.0,13.5,-10,0.031875,-0.015331249999999998,0.033207575757575755,0.00935,-0.040118749999999995,0.0067125000000000015
14.0,-10.0,14.0,-10,0.031,-0.015550000000000001,0.03445000000000001,0.009600000000000001,-0.034749999999999996,0.0068000000000000005
-5.0,-9.0,-5.0,-9,0.015900000000000004,-0.05855,0.022250000000000002,0.0165,-0.0004499999999999999,0.0223
-4.5,-9.0,-4.5,-9,0.016309999999999998,-0.057275,0.020281859756097562,0.01653,-0.0015667229729729726,0.0224
-4.0,-9.0,-4.0,-9,0.016600000000000004,-0.05685,0.01905,0.0166,-0.00255,0.022500000000000003
-3.5,-9.0,-3.5,-9,0.016759642857142862,-0.057460256410256406,0.01854814024390244,0.01677714285714286,-0.0033500000000000005,0.022595
-3.0,-9.0,-3.0,-9,0.0169,-0.05855,0.018150000000000003,0.017,-0.004149999999999999,0.0227
-2.5,-9.0,-2.5,-9,0.017100000000000004,-0.059666770616770615,0.017583194444444446,0.017174107142857144,-0.005217027027027027,0.02286125
-2.0,-9.0,-2.0,-9,0.017300000000000003,-0.06075,0.017050000000000006,0.0173,-0.00625,0.023
-1.5,-9.0,-1.5,-9,0.01746285714285714,-0.06158234797297297,0.016680555555555556,0.017352083333333334,-0.007054999999999999,0.023068750000000002
-1.0,-9.0,-1.0,-9,0.017599999999999998,-0.06225,0.01635,0.017400000000000002,-0.007649999999999999,0.023100000000000002
-0.5,-9.0,-0.5,-9,0.017705,-0.062840625,0.0160385,0.017516666666666666,-0.00798,0.023100000000000002
0.0,-9.0,0.0,-9,0.017800000000000003,-0.06315,0.01565,0.0176,-0.008249999999999999,0.023100000000000002
0.5,-9.0,0.5,-9,0.01790833333333333,-0.063,0.014820875,0.0175,-0.0085875,0.0230625
1.0,-9.0,1.0,-9,0.018000000000000002,-0.06285,0.013850000000000001,0.017400000000000002,-0.00885,0.023
1.5,-9.0,1.5,-9,0.01806666666666667,-0.06301964285714286,0.013167013888888891,0.017483333333333333,-0.0089875,0.0229375
2.0,-9.0,2.0,-9,0.018099999999999998,-0.06335,0.01245,0.0176,-0.00905,0.0229
2.5,-9.0,2.5,-9,0.018050000000000004,-0.06388035714285714,0.011404715762273903,0.017666666666666667,-0.008787499999999998,0.02295
3.0,-9.0,3.0,-9,0.018000000000000002,-0.06425,0.010250000000000002,0.0177,-0.00835,0.023
3.5,-9.0,3.5,-9,0.018000000000000002,-0.06369999999999999,0.009226707848837213,0.01755,-0.008019444444444445,0.0229
4.0,-9.0,4.0,-9,0.018000000000000002,-0.06315,0.008150000000000001,0.017400000000000002,-0.007649999999999999,0.0228
4.5,-9.0,4.5,-9,0.017937500000000002,-0.06347142857142857,0.006735175304878053,0.01742857142857143,-0.007116805555555555,0.022833333333333334
5.0,-9.0,5.0,-9,0.017800000000000003,-0.06415,0.00545,0.0175,-0.0065499999999999985,0.0229
5.5,-9.0,5.5,-9,0.0175625,-0.06553227513227514,0.004519512195121953,0.017746428571428573,-0.006123365384615385,0.023000000000000003
6.0,-9.0,6.0,-9,0.0172,-0.06665,0.0040500000000000015,0.0181,-0.0056500000000000005,0.023100000000000002
6.5,-9.0,6.5,-9,0.016671428571428573,-0.06675343915343915,0.0046928571428571444,0.018425,-0.0048826143451143455,0.02315
7.0,-9.0,7.0,-9,0.016,-0.06684999999999999,0.005550000000000003,0.0187,-0.00395,0.023200000000000002
7.5,-9.0,7.5,-9,0.015028571428571428,-0.06734937888198758,0.005957142857142859,0.0189,-0.00272027027027027,0.0233
8.0,-9.0,8.0,-9,0.014400000000000001,-0.06805,0.006150000000000003,0.019,-0.0019500000000000003,0.0234
8.5,-9.0,8.5,-9,0.015609183673469388,-0.06874347826086956,-0.0014871987951807202,0.019,-0.0021970588235294113,0.023466666666666667
9.0,-9.0,9.0,-9,0.0174,-0.06915,-0.009549999999999998,0.019,-0.0027500000000000007,0.0235
9.5,-9.0,9.5,-9,0.018640816326530613,-0.06872249999999999,-0.010212801204819275,0.01927857142857143,-0.004202941176470588,0.0232375
10.0,-9.0,10.0,-9,0.019299999999999998,-0.06825,-0.01045,0.0196,-0.005349999999999999,0.0229
10.5,-9.0,10.5,-9,0.01885,-0.0681775,-0.004548041044776118,0.019650595238095238,-0.0040999999999999995,0.022787500000000002
11.0,-9.0,11.0,-9,0.0184,-0.06815,0.004650000000000001,0.019700000000000002,-0.00285,0.0227
11.5,-9.0,11.5,-9,0.018542857142857146,-0.0682,0.010637193937338103,0.019908333333333333,-0.0030123287671232884,0.022605
12.0,-9.0,12.0,-9,0.0189,-0.06825,0.01635,0.020200000000000003,-0.00345,0.022500000000000003
12.5,-9.0,12.5,-9,0.020507142857142856,-0.06815,0.023353271349862256,0.020450000000000003,-0.006937671232876712,0.02232
13.0,-9.0,13.0,-9,0.021900000000000003,-0.06805,0.028849999999999997,0.0207,-0.010150000000000001,0.0222
13.5,-9.0,13.5,-9,0.021775000000000003,-0.06813125,0.03160757575757575,0.02095,-0.00831875,0.0222125
14.0,-9.0,14.0,-9,0.020900000000000002,-0.06835,0.032850000000000004,0.0212,-0.0029499999999999995,0.0223
-5.0,-8.0,-5.0,-8,0.014100000000000003,-0.053649999999999996,0.022250000000000002,0.015300000000000001,-0.0009500000000000003,0.0215
-4.5,-8.0,-4.5,-8,0.014510000000000004,-0.052375,0.020281859756097562,0.015330000000000002,-0.002066722972972973,0.021599999999999998
-4.0,-8.0,-4.0,-8,0.014800000000000002,-0.051949999999999996,0.01905,0.0154,-0.0030500000000000006,0.0217
-3.5,-8.0,-3.5,-8,0.01495964285714286,-0.052560256410256405,0.01854814024390244,0.015577142857142859,-0.003850000000000001,0.021795
-3.0,-8.0,-3.0,-8,0.015100000000000004,-0.053649999999999996,0.018150000000000003,0.0158,-0.00465,0.0219
-2.5,-8.0,-2.5,-8,0.015300000000000003,-0.05476677061677061,0.017583194444444446,0.015974107142857144,-0.005717027027027028,0.022061249999999998
-2.0,-8.0,-2.0,-8,0.015500000000000002,-0.05585,0.017050000000000006,0.0161,-0.006750000000000001,0.022199999999999998
-1.5,-8.0,-1.5,-8,0.015662857142857145,-0.05668234797297297,0.016680555555555556,0.016152083333333334,-0.007554999999999999,0.02226875
-1.0,-8.0,-1.0,-8,0.0158,-0.05735,0.01635,0.016200000000000003,-0.00815,0.0223
-0.5,-8.0,-0.5,-8,0.015905000000000002,-0.057940624999999996,0.0160385,0.016316666666666667,-0.00848,0.0223
0.0,-8.0,0.0,-8,0.016,-0.058249999999999996,0.01565,0.0164,-0.008749999999999999,0.0223
0.5,-8.0,0.5,-8,0.016108333333333336,-0.0581,0.014820875,0.016300000000000002,-0.0090875,0.022262499999999998
1.0,-8.0,1.0,-8,0.0162,-0.057949999999999995,0.013850000000000001,0.016200000000000003,-0.009349999999999999,0.022199999999999998
1.5,-8.0,1.5,-8,0.016266666666666665,-0.058119642857142856,0.013167013888888891,0.016283333333333334,-0.009487500000000001,0.022137499999999997
2.0,-8.0,2.0,-8,0.016300000000000002,-0.058449999999999995,0.01245,0.0164,-0.009550000000000001,0.022099999999999998
2.5,-8.0,2.5,-8,0.01625,-0.05898035714285714,0.011404715762273903,0.016466666666666668,-0.009287499999999999,0.02215
3.0,-8.0,3.0,-8,0.0162,-0.05934999999999999,0.010250000000000002,0.0165,-0.00885,0.022199999999999998
3.5,-8.0,3.5,-8,0.0162,-0.0588,0.009226707848837213,0.01635,-0.008519444444444446,0.022099999999999998
4.0,-8.0,4.0,-8,0.0162,-0.058249999999999996,0.008150000000000001,0.016200000000000003,-0.00815,0.022
4.5,-8.0,4.5,-8,0.0161375,-0.058571428571428566,0.006735175304878053,0.01622857142857143,-0.0076168055555555555,0.022033333333333332
5.0,-8.0,5.0,-8,0.016,-0.05925,0.00545,0.016300000000000002,-0.007049999999999999,0.022099999999999998
5.5,-8.0,5.5,-8,0.0157625,-0.06063227513227513,0.004519512195121953,0.016546428571428573,-0.0066233653846153855,0.0222
6.0,-8.0,6.0,-8,0.015400000000000002,-0.06175,0.0040500000000000015,0.016900000000000002,-0.006150000000000001,0.0223
6.5,-8.0,6.5,-8,0.014871428571428572,-0.061853439153439146,0.0046928571428571444,0.017225,-0.005382614345114346,0.02235
7.0,-8.0,7.0,-8,0.014200000000000003,-0.06194999999999999,0.005550000000000003,0.0175,-0.004450000000000001,0.0224
7.5,-8.0,7.5,-8,0.013228571428571432,-0.06244937888198758,0.005957142857142859,0.0177,-0.0032202702702702705,0.0225
8.0,-8.0,8.0,-8,0.012600000000000002,-0.06315,0.006150000000000003,0.0178,-0.002450000000000001,0.0226
8.5,-8.0,8.5,-8,0.013809183673469389,-0.06384347826086956,-0.0014871987951807202,0.0178,-0.0026970588235294118,0.022666666666666665
9.0,-8.0,9.0,-8,0.015600000000000001,-0.06425,-0.009549999999999998,0.0178,-0.003250000000000001,0.022699999999999998
9.5,-8.0,9.5,-8,0.016840816326530617,-0.06382249999999999,-0.010212801204819275,0.01807857142857143,-0.0047029411764705886,0.0224375
10.0,-8.0,10.0,-8,0.0175,-0.06334999999999999,-0.01045,0.0184,-0.005849999999999999,0.022099999999999998
10.5,-8.0,10.5,-8,0.017050000000000003,-0.0632775,-0.004548041044776118,0.018450595238095238,-0.0046,0.0219875
11.0,-8.0,11.0,-8,0.016600000000000004,-0.06325,0.004650000000000001,0.018500000000000003,-0.0033500000000000005,0.0219
11.5,-8.0,11.5,-8,0.016742857142857143,-0.0633,0.010637193937338103,0.018708333333333334,-0.003512328767123289,0.021804999999999998
12.0,-8.0,12.0,-8,0.017100000000000004,-0.06334999999999999,0.01635,0.019000000000000003,-0.00395,0.0217
12.5,-8.0,12.5,-8,0.01870714285714286,-0.06325,0.023353271349862256,0.019250000000000003,-0.007437671232876713,0.021519999999999997
13.0,-8.0,13.0,-8,0.0201,-0.06315,0.028849999999999997,0.0195,-0.010650000000000001,0.0214
13.5,-8.0,13.5,-8,0.019975,-0.06323124999999999,0.03160757575757575,0.01975,-0.00881875,0.021412499999999998
14.0,-8.0,14.0,-8,0.0191,-0.06344999999999999,0.032850000000000004,0.02,-0.00345,0.0215
-5.0,-7.0,-5.0,-7,0.0118,-0.04745,0.02405,0.0138,-0.00014999999999999996,0.0202
-4.5,-7.0,-4.5,-7,0.01221,-0.046175,0.022081859756097565,0.01383,-0.0012667229729729727,0.0203
-4.0,-7.0,-4.0,-7,0.012499999999999999,-0.04575,0.020850000000000004,0.0139,-0.0022500000000000003,0.020399999999999998
-3.5,-7.0,-3.5,-7,0.012659642857142857,-0.04636025641025641,0.020348140243902437,0.014077142857142858,-0.003049999999999999,0.020495
-3.0,-7.0,-3.0,-7,0.0128,-0.04745,0.019950000000000006,0.0143,-0.0038499999999999993,0.0206
-2.5,-7.0,-2.5,-7,0.013,-0.048566770616770616,0.019383194444444442,0.014474107142857143,-0.004917027027027026,0.02076125
-2.0,-7.0,-2.0,-7,0.013199999999999998,-0.04965,0.018850000000000002,0.0146,-0.005949999999999999,0.0209
-1.5,-7.0,-1.5,-7,0.013362857142857143,-0.05048234797297297,0.018480555555555552,0.014652083333333333,-0.006754999999999999,0.020968749999999998
-1.0,-7.0,-1.0,-7,0.0135,-0.05115,0.018149999999999996,0.0147,-0.007350000000000001,0.021
-0.5,-7.0,-0.5,-7,0.013605,-0.051740625,0.017838500000000004,0.014816666666666667,-0.007679999999999999,0.021
0.0,-7.0,0.0,-7,0.013699999999999999,-0.05205,0.017450000000000004,0.0149,-0.00795,0.021
0.5,-7.0,0.5,-7,0.013808333333333334,-0.0519,0.016620875000000004,0.0148,-0.0082875,0.0209625
1.0,-7.0,1.0,-7,0.013900000000000001,-0.05175,0.01565,0.0147,-0.00855,0.0209
1.5,-7.0,1.5,-7,0.013966666666666667,-0.05191964285714286,0.01496701388888889,0.014783333333333332,-0.008687499999999999,0.0208375
2.0,-7.0,2.0,-7,0.014,-0.05225,0.014250000000000002,0.0149,-0.008749999999999999,0.0208
2.5,-7.0,2.5,-7,0.013949999999999999,-0.05278035714285714,0.013204715762273906,0.014966666666666666,-0.0084875,0.02085
3.0,-7.0,3.0,-7,0.013900000000000001,-0.053149999999999996,0.012050000000000002,0.015,-0.00805,0.0209
3.5,-7.0,3.5,-7,0.013900000000000001,-0.0526,0.011026707848837209,0.01485,-0.007719444444444444,0.0208
4.0,-7.0,4.0,-7,0.013900000000000001,-0.05205,0.00995,0.0147,-0.007350000000000001,0.0207
4.5,-7.0,4.5,-7,0.0138375,-0.05237142857142857,0.008535175304878049,0.014728571428571428,-0.006816805555555555,0.020733333333333333
5.0,-7.0,5.0,-7,0.013699999999999999,-0.05305,0.007250000000000003,0.0148,-0.00625,0.0208
5.5,-7.0,5.5,-7,0.0134625,-0.05443227513227513,0.006319512195121953,0.015046428571428572,-0.005823365384615383,0.0209
6.0,-7.0,6.0,-7,0.013100000000000002,-0.05555,0.005850000000000001,0.0154,-0.005349999999999999,0.021
6.5,-7.0,6.5,-7,0.012571428571428572,-0.05565343915343915,0.006492857142857144,0.015725,-0.004582614345114346,0.02105
7.0,-7.0,7.0,-7,0.011899999999999999,-0.05575,0.007350000000000002,0.016,-0.0036500000000000005,0.0211
7.5,-7.0,7.5,-7,0.010928571428571428,-0.056249378881987576,0.007757142857142858,0.0162,-0.00242027027027027,0.0212
8.0,-7.0,8.0,-7,0.010299999999999998,-0.05695,0.007950000000000002,0.0163,-0.0016500000000000004,0.0213
8.5,-7.0,8.5,-7,0.011509183673469385,-0.05764347826086957,0.00031280120481927756,0.0163,-0.0018970588235294114,0.021366666666666666
9.0,-7.0,9.0,-7,0.013300000000000001,-0.05805,-0.007749999999999998,0.0163,-0.002449999999999999,0.0214
9.5,-7.0,9.5,-7,0.014540816326530615,-0.0576225,-0.008412801204819275,0.01657857142857143,-0.003902941176470588,0.0211375
10.0,-7.0,10.0,-7,0.0152,-0.05715,-0.00865,0.0169,-0.005050000000000001,0.0208
10.5,-7.0,10.5,-7,0.014750000000000001,-0.0570775,-0.0027480410447761183,0.016950595238095237,-0.0037999999999999996,0.0206875
11.0,-7.0,11.0,-7,0.014300000000000002,-0.05705,0.006450000000000001,0.017,-0.00255,0.0206
11.5,-7.0,11.5,-7,0.014442857142857144,-0.0571,0.012437193937338102,0.017208333333333332,-0.0027123287671232867,0.020505
12.0,-7.0,12.0,-7,0.014800000000000002,-0.05715,0.018149999999999996,0.0175,-0.00315,0.020399999999999998
12.5,-7.0,12.5,-7,0.016407142857142856,-0.05705,0.02515327134986225,0.017750000000000002,-0.0066376712328767105,0.02022
13.0,-7.0,13.0,-7,0.017799999999999996,-0.05695,0.03065,0.018,-0.00985,0.0201
13.5,-7.0,13.5,-7,0.017674999999999996,-0.05703125,0.03340757575757576,0.01825,-0.00801875,0.0201125
14.0,-7.0,14.0,-7,0.016800000000000002,-0.057249999999999995,0.03465,0.0185,-0.0026499999999999996,0.0202
-5.0,-6.0,-5.0,-6,0.009700000000000002,-0.04075,0.02265,0.0118,0.0006499999999999995,0.0185
-4.5,-6.0,-4.5,-6,0.010110000000000003,-0.039475,0.02068185975609756,0.01183,-0.00046672297297297317,0.0186
-4.0,-6.0,-4.0,-6,0.010400000000000001,-0.03905,0.01945,0.011899999999999999,-0.0014500000000000008,0.018699999999999998
-3.5,-6.0,-3.5,-6,0.01055964285714286,-0.03966025641025641,0.01894814024390244,0.012077142857142857,-0.0022500000000000003,0.018795
-3.0,-6.0,-3.0,-6,0.010700000000000003,-0.04075,0.01855,0.0123,-0.0030500000000000006,0.0189
-2.5,-6.0,-2.5,-6,0.010900000000000002,-0.04186677061677062,0.017983194444444444,0.012474107142857143,-0.004117027027027027,0.01906125
-2.0,-6.0,-2.0,-6,0.0111,-0.04295,0.017450000000000004,0.0126,-0.00515,0.0192
-1.5,-6.0,-1.5,-6,0.011262857142857146,-0.04378234797297297,0.017080555555555554,0.012652083333333333,-0.005955,0.019268749999999998
-1.0,-6.0,-1.0,-6,0.011400000000000002,-0.04445,0.016749999999999998,0.0127,-0.00655,0.0193
-0.5,-6.0,-0.5,-6,0.011505000000000003,-0.045040625,0.016438499999999998,0.012816666666666667,-0.006879999999999999,0.0193
0.0,-6.0,0.0,-6,0.011600000000000001,-0.04535,0.01605,0.0129,-0.00715,0.0193
0.5,-6.0,0.5,-6,0.011708333333333336,-0.045200000000000004,0.015220874999999998,0.0128,-0.007487499999999999,0.0192625
1.0,-6.0,1.0,-6,0.0118,-0.04505,0.014249999999999995,0.0127,-0.007750000000000002,0.0192
1.5,-6.0,1.5,-6,0.011866666666666666,-0.04521964285714286,0.013567013888888889,0.012783333333333334,-0.0078875,0.019137499999999998
2.0,-6.0,2.0,-6,0.011900000000000003,-0.04555,0.012849999999999997,0.0129,-0.00795,0.0191
2.5,-6.0,2.5,-6,0.011850000000000001,-0.046080357142857145,0.0118047157622739,0.012966666666666666,-0.0076875,0.01915
3.0,-6.0,3.0,-6,0.0118,-0.04645,0.01065,0.013,-0.007250000000000001,0.0192
3.5,-6.0,3.5,-6,0.0118,-0.0459,0.00962670784883721,0.01285,-0.006919444444444445,0.0191
4.0,-6.0,4.0,-6,0.0118,-0.04535,0.008549999999999999,0.0127,-0.00655,0.019
4.5,-6.0,4.5,-6,0.0117375,-0.04567142857142857,0.0071351753048780504,0.012728571428571428,-0.006016805555555555,0.019033333333333333
5.0,-6.0,5.0,-6,0.011600000000000001,-0.04635,0.0058499999999999976,0.0128,-0.00545,0.0191
5.5,-6.0,5.5,-6,0.0113625,-0.04773227513227513,0.004919512195121951,0.013046428571428572,-0.005023365384615385,0.0192
6.0,-6.0,6.0,-6,0.011000000000000001,-0.048850000000000005,0.004449999999999999,0.0134,-0.00455,0.0193
6.5,-6.0,6.5,-6,0.01047142857142857,-0.04895343915343915,0.005092857142857142,0.013725,-0.003782614345114345,0.01935
7.0,-6.0,7.0,-6,0.009800000000000001,-0.04905,0.00595,0.014,-0.00285,0.0194
7.5,-6.0,7.5,-6,0.00882857142857143,-0.04954937888198758,0.006357142857142856,0.0142,-0.0016202702702702715,0.0195
8.0,-6.0,8.0,-6,0.0082,-0.05025,0.00655,0.0143,-0.0008500000000000001,0.0196
8.5,-6.0,8.5,-6,0.009409183673469388,-0.05094347826086957,-0.001087198795180721,0.0143,-0.001097058823529412,0.019666666666666666
9.0,-6.0,9.0,-6,0.0112,-0.05135,-0.00915,0.0143,-0.0016500000000000004,0.0197
9.5,-6.0,9.5,-6,0.012440816326530614,-0.0509225,-0.009812801204819277,0.014578571428571429,-0.003102941176470588,0.0194375
10.0,-6.0,10.0,-6,0.013100000000000002,-0.05045,-0.010050000000000002,0.0149,-0.00425,0.0191
10.5,-6.0,10.5,-6,0.01265,-0.050377500000000006,-0.00414804104477612,0.014950595238095239,-0.003000000000000001,0.0189875
11.0,-6.0,11.0,-6,0.0122,-0.05035,0.005049999999999999,0.015,-0.0017499999999999998,0.0189
11.5,-6.0,11.5,-6,0.012342857142857143,-0.0504,0.0110371939373381,0.015208333333333332,-0.001912328767123288,0.018805
12.0,-6.0,12.0,-6,0.012700000000000001,-0.05045,0.016749999999999998,0.0155,-0.0023499999999999997,0.018699999999999998
12.5,-6.0,12.5,-6,0.01430714285714286,-0.05035,0.023753271349862253,0.01575,-0.005837671232876712,0.01852
13.0,-6.0,13.0,-6,0.0157,-0.05025,0.029249999999999995,0.016,-0.00905,0.0184
13.5,-6.0,13.5,-6,0.015575,-0.05033125,0.03200757575757575,0.01625,-0.007218750000000001,0.0184125
14.0,-6.0,14.0,-6,0.0147,-0.05055,0.03325,0.0165,-0.0018499999999999992,0.0185
-5.0,-5.0,-5.0,-5,0.007299999999999999,-0.03155,0.022850000000000006,0.009300000000000001,0.004149999999999999,0.0159
-4.5,-5.0,-4.5,-5,0.00771,-0.030275000000000003,0.02088185975609756,0.009330000000000001,0.0030332770270270265,0.016
-4.0,-5.0,-4.0,-5,0.007999999999999998,-0.02985,0.019649999999999997,0.0094,0.0020499999999999997,0.0161
-3.5,-5.0,-3.5,-5,0.008159642857142857,-0.03046025641025641,0.019148140243902444,0.009577142857142859,0.0012499999999999994,0.016195
-3.0,-5.0,-3.0,-5,0.0083,-0.03155,0.01875,0.009800000000000001,0.0004499999999999999,0.016300000000000002
-2.5,-5.0,-2.5,-5,0.008499999999999999,-0.03266677061677062,0.01818319444444445,0.009974107142857144,-0.0006170270270270273,0.01646125
-2.0,-5.0,-2.0,-5,0.008700000000000001,-0.03375,0.017650000000000002,0.010100000000000001,-0.0016500000000000004,0.0166
-1.5,-5.0,-1.5,-5,0.008862857142857143,-0.03458234797297297,0.01728055555555556,0.010152083333333334,-0.002454999999999999,0.01666875
-1.0,-5.0,-1.0,-5,0.009,-0.035250000000000004,0.016950000000000003,0.0102,-0.0030500000000000006,0.016700000000000003
-0.5,-5.0,-0.5,-5,0.009105,-0.035840625,0.016638499999999997,0.010316666666666668,-0.0033799999999999993,0.016700000000000003
0.0,-5.0,0.0,-5,0.009200000000000002,-0.03615,0.016249999999999997,0.010400000000000001,-0.0036500000000000005,0.016700000000000003
0.5,-5.0,0.5,-5,0.009308333333333333,-0.036000000000000004,0.015420874999999997,0.010300000000000002,-0.0039875,0.0166625
1.0,-5.0,1.0,-5,0.0094,-0.03585,0.014450000000000001,0.0102,-0.00425,0.0166
1.5,-5.0,1.5,-5,0.009466666666666667,-0.03601964285714286,0.013767013888888891,0.010283333333333335,-0.004387500000000001,0.0165375
2.0,-5.0,2.0,-5,0.0095,-0.03635,0.013050000000000003,0.010400000000000001,-0.004450000000000001,0.0165
2.5,-5.0,2.5,-5,0.009450000000000002,-0.036880357142857145,0.012004715762273906,0.010466666666666668,-0.0041875,0.016550000000000002
3.0,-5.0,3.0,-5,0.0094,-0.03725,0.010850000000000002,0.0105,-0.00375,0.0166
3.5,-5.0,3.5,-5,0.0094,-0.0367,0.00982670784883721,0.010350000000000002,-0.0034194444444444454,0.0165
4.0,-5.0,4.0,-5,0.0094,-0.03615,0.00875,0.0102,-0.0030500000000000006,0.0164
4.5,-5.0,4.5,-5,0.0093375,-0.03647142857142857,0.007335175304878049,0.010228571428571429,-0.002516805555555555,0.016433333333333335
5.0,-5.0,5.0,-5,0.009200000000000002,-0.03715,0.006050000000000003,0.010300000000000002,-0.0019500000000000003,0.0165
5.5,-5.0,5.5,-5,0.0089625,-0.03853227513227513,0.005119512195121953,0.010546428571428573,-0.0015233653846153852,0.0166
6.0,-5.0,6.0,-5,0.008599999999999998,-0.039650000000000005,0.004650000000000001,0.010900000000000002,-0.0010500000000000006,0.016700000000000003
6.5,-5.0,6.5,-5,0.008071428571428571,-0.03975343915343915,0.005292857142857144,0.011225,-0.00028261434511434556,0.01675
7.0,-5.0,7.0,-5,0.007399999999999999,-0.039850000000000003,0.006150000000000003,0.011500000000000002,0.0006499999999999995,0.016800000000000002
7.5,-5.0,7.5,-5,0.006428571428571428,-0.04034937888198758,0.006557142857142859,0.011700000000000002,0.001879729729729729,0.016900000000000002
8.0,-5.0,8.0,-5,0.0058,-0.04105,0.0067500000000000025,0.011800000000000001,0.0026499999999999996,0.017
8.5,-5.0,8.5,-5,0.007009183673469387,-0.04174347826086957,-0.0008871987951807221,0.011800000000000001,0.0024029411764705877,0.017066666666666667
9.0,-5.0,9.0,-5,0.0088,-0.04215,-0.008949999999999998,0.011800000000000001,0.0018499999999999992,0.0171
9.5,-5.0,9.5,-5,0.01004081632653061,-0.0417225,-0.009612801204819275,0.01207857142857143,0.0003970588235294118,0.016837500000000002
10.0,-5.0,10.0,-5,0.0107,-0.04125,-0.00985,0.012400000000000001,-0.0007500000000000007,0.0165
10.5,-5.0,10.5,-5,0.010249999999999997,-0.041177500000000006,-0.003948041044776118,0.01245059523809524,0.0004999999999999996,0.016387500000000003
11.0,-5.0,11.0,-5,0.009799999999999998,-0.04115,0.005250000000000001,0.0125,0.0017499999999999998,0.016300000000000002
11.5,-5.0,11.5,-5,0.009942857142857144,-0.0412,0.011237193937338102,0.012708333333333334,0.0015876712328767115,0.016205
12.0,-5.0,12.0,-5,0.010299999999999998,-0.04125,0.016950000000000003,0.013000000000000001,0.00115,0.0161
12.5,-5.0,12.5,-5,0.011907142857142857,-0.04115,0.02395327134986226,0.013250000000000001,-0.002337671232876712,0.01592
13.0,-5.0,13.0,-5,0.013300000000000001,-0.04105,0.02945,0.013500000000000002,-0.005549999999999999,0.0158
13.5,-5.0,13.5,-5,0.013175000000000001,-0.04113125,0.032207575757575754,0.013750000000000002,-0.00371875,0.0158125
14.0,-5.0,14.0,-5,0.0123,-0.04135,0.03345000000000001,0.014000000000000002,0.0016500000000000004,0.0159
-5.0,-4.0,-5.0,-4,0.006400000000000001,-0.02225,0.022549999999999997,0.0069,0.0030499999999999998,0.0132
-4.5,-4.0,-4.5,-4,0.00681,-0.020975,0.020581859756097564,0.00693,0.001933277027027027,0.0133
-4.0,-4.0,-4.0,-4,0.0071,-0.02055,0.019350000000000003,0.006999999999999999,0.0009499999999999995,0.013399999999999999
-3.5,-4.0,-3.5,-4,0.007259642857142859,-0.021160256410256408,0.018848140243902436,0.007177142857142858,0.00014999999999999996,0.013495
-3.0,-4.0,-3.0,-4,0.0074,-0.02225,0.018450000000000005,0.0074,-0.0006499999999999995,0.013600000000000001
-2.5,-4.0,-2.5,-4,0.007600000000000001,-0.023366770616770616,0.01788319444444444,0.007574107142857143,-0.0017170270270270276,0.01376125
-2.0,-4.0,-2.0,-4,0.0078,-0.02445,0.01735,0.0077,-0.0027500000000000007,0.0139
-1.5,-4.0,-1.5,-4,0.007962857142857141,-0.025282347972972973,0.01698055555555555,0.007752083333333333,-0.003554999999999999,0.013968749999999999
-1.0,-4.0,-1.0,-4,0.008099999999999998,-0.025949999999999997,0.016649999999999995,0.0078,-0.004149999999999999,0.014000000000000002
-0.5,-4.0,-0.5,-4,0.008204999999999999,-0.026540624999999998,0.016338500000000002,0.007916666666666666,-0.00448,0.014000000000000002
0.0,-4.0,0.0,-4,0.0083,-0.02685,0.015950000000000002,0.008,-0.004749999999999999,0.014000000000000002
0.5,-4.0,0.5,-4,0.008408333333333332,-0.026699999999999998,0.015120875000000002,0.007899999999999999,-0.0050875,0.0139625
1.0,-4.0,1.0,-4,0.008500000000000002,-0.026549999999999997,0.01415,0.0078,-0.005350000000000001,0.0139
1.5,-4.0,1.5,-4,0.008566666666666669,-0.026719642857142855,0.01346701388888889,0.007883333333333332,-0.005487500000000001,0.013837499999999999
2.0,-4.0,2.0,-4,0.008599999999999998,-0.027049999999999998,0.012750000000000001,0.008,-0.005550000000000001,0.0138
2.5,-4.0,2.5,-4,0.00855,-0.027580357142857143,0.011704715762273905,0.008066666666666666,-0.005287499999999999,0.013850000000000001
3.0,-4.0,3.0,-4,0.008500000000000002,-0.02795,0.01055,0.0081,-0.00485,0.0139
3.5,-4.0,3.5,-4,0.008500000000000002,-0.0274,0.009526707848837208,0.007949999999999999,-0.004519444444444446,0.0138
4.0,-4.0,4.0,-4,0.008500000000000002,-0.02685,0.00845,0.0078,-0.004149999999999999,0.0137
4.5,-4.0,4.5,-4,0.008437500000000002,-0.02717142857142857,0.007035175304878048,0.007828571428571428,-0.0036168055555555554,0.013733333333333334
5.0,-4.0,5.0,-4,0.0083,-0.02785,0.005750000000000002,0.007899999999999999,-0.003049999999999999,0.0138
5.5,-4.0,5.5,-4,0.008062499999999998,-0.02923227513227513,0.004819512195121951,0.008146428571428572,-0.0026233653846153854,0.0139
6.0,-4.0,6.0,-4,0.0077,-0.03035,0.00435,0.0085,-0.002150000000000001,0.014000000000000002
6.5,-4.0,6.5,-4,0.007171428571428572,-0.030453439153439153,0.004992857142857143,0.008825,-0.0013826143451143458,0.01405
7.0,-4.0,7.0,-4,0.006500000000000001,-0.03055,0.005850000000000001,0.0091,-0.00045000000000000075,0.014100000000000001
7.5,-4.0,7.5,-4,0.005528571428571428,-0.031049378881987576,0.006257142857142857,0.0093,0.0007797297297297296,0.0142
8.0,-4.0,8.0,-4,0.0049,-0.03175,0.006450000000000001,0.0094,0.0015500000000000002,0.0143
8.5,-4.0,8.5,-4,0.006109183673469387,-0.03244347826086957,-0.0011871987951807238,0.0094,0.0013029411764705883,0.014366666666666666
9.0,-4.0,9.0,-4,0.007899999999999999,-0.03285,-0.00925,0.0094,0.0007499999999999998,0.0144
9.5,-4.0,9.5,-4,0.009140816326530613,-0.0324225,-0.009912801204819277,0.009678571428571429,-0.0007029411764705885,0.0141375
10.0,-4.0,10.0,-4,0.009799999999999998,-0.03195,-0.010150000000000001,0.01,-0.0018499999999999992,0.0138
10.5,-4.0,10.5,-4,0.009349999999999999,-0.0318775,-0.00424804104477612,0.010050595238095239,-0.0005999999999999998,0.013687500000000002
11.0,-4.0,11.0,-4,0.0089,-0.031849999999999996,0.0049499999999999995,0.0101,0.0006499999999999995,0.013600000000000001
11.5,-4.0,11.5,-4,0.009042857142857146,-0.0319,0.0109371939373381,0.010308333333333333,0.0004876712328767121,0.013505
12.0,-4.0,12.0,-4,0.0094,-0.03195,0.016649999999999995,0.0106,4.99999999999997e-05,0.013399999999999999
12.5,-4.0,12.5,-4,0.011007142857142856,-0.031849999999999996,0.02365327134986225,0.01085,-0.0034376712328767125,0.013219999999999999
13.0,-4.0,13.0,-4,0.0124,-0.03175,0.02915,0.0111,-0.00665,0.0131
13.5,-4.0,13.5,-4,0.012275,-0.03183125,0.03190757575757576,0.011349999999999999,-0.00481875,0.0131125
14.0,-4.0,14.0,-4,0.011400000000000002,-0.032049999999999995,0.03315,0.0116,0.0005500000000000001,0.0132
-5.0,-3.0,-5.0,-3,0.007400000000000002,-0.0029500000000000004,0.02535,0.0034,0.0003499999999999996,0.0112
-4.5,-3.0,-4.5,-3,0.007810000000000001,-0.001675,0.02338185975609756,0.00343,-0.0007667229729729731,0.011300000000000001
-4.0,-3.0,-4.0,-3,0.008100000000000001,-0.00125,0.02215,0.0035,-0.0017499999999999998,0.0114
-3.5,-3.0,-3.5,-3,0.00825964285714286,-0.0018602564102564105,0.02164814024390244,0.003677142857142857,-0.00255,0.011495
-3.0,-3.0,-3.0,-3,0.0084,-0.0029500000000000004,0.02125,0.0039000000000000003,-0.0033500000000000005,0.011600000000000001
-2.5,-3.0,-2.5,-3,0.008600000000000002,-0.004066770616770617,0.020683194444444445,0.004074107142857143,-0.004417027027027027,0.011761250000000001
-2.0,-3.0,-2.0,-3,0.0088,-0.005150000000000001,0.020149999999999998,0.004200000000000001,-0.00545,0.0119
-1.5,-3.0,-1.5,-3,0.008962857142857142,-0.005982347972972973,0.019780555555555555,0.004252083333333333,-0.006254999999999998,0.01196875
-1.0,-3.0,-1.0,-3,0.009099999999999999,-0.0066500000000000005,0.01945,0.0043,-0.00685,0.012
-0.5,-3.0,-0.5,-3,0.009205,-0.007240625,0.0191385,0.004416666666666666,-0.007180000000000001,0.012
0.0,-3.0,0.0,-3,0.009300000000000001,-0.00755,0.01875,0.0045000000000000005,-0.00745,0.012
0.5,-3.0,0.5,-3,0.009408333333333333,-0.0073999999999999995,0.017920875,0.004399999999999999,-0.007787500000000001,0.011962500000000001
1.0,-3.0,1.0,-3,0.009500000000000003,-0.00725,0.016950000000000003,0.0043,-0.00805,0.0119
1.5,-3.0,1.5,-3,0.00956666666666667,-0.007419642857142858,0.016267013888888886,0.004383333333333333,-0.0081875,0.0118375
2.0,-3.0,2.0,-3,0.0096,-0.007750000000000001,0.015549999999999998,0.0045000000000000005,-0.00825,0.011800000000000001
2.5,-3.0,2.5,-3,0.009550000000000001,-0.008280357142857141,0.014504715762273902,0.004566666666666667,-0.0079875,0.011850000000000001
3.0,-3.0,3.0,-3,0.009500000000000003,-0.00865,0.01335,0.0046,-0.007549999999999999,0.0119
3.5,-3.0,3.5,-3,0.009500000000000003,-0.0081,0.012326707848837212,0.004449999999999999,-0.007219444444444445,0.011800000000000001
4.0,-3.0,4.0,-3,0.009500000000000003,-0.00755,0.01125,0.0043,-0.00685,0.0117
4.5,-3.0,4.5,-3,0.009437500000000003,-0.007871428571428571,0.009835175304878051,0.004328571428571428,-0.006316805555555556,0.011733333333333333
5.0,-3.0,5.0,-3,0.009300000000000001,-0.008549999999999999,0.008549999999999999,0.004399999999999999,-0.00575,0.011800000000000001
5.5,-3.0,5.5,-3,0.0090625,-0.009932275132275131,0.007619512195121952,0.004646428571428572,-0.005323365384615385,0.0119
6.0,-3.0,6.0,-3,0.008700000000000001,-0.011049999999999999,0.00715,0.004999999999999999,-0.00485,0.012
6.5,-3.0,6.5,-3,0.008171428571428574,-0.011153439153439153,0.007792857142857143,0.005325,-0.004082614345114345,0.012050000000000002
7.0,-3.0,7.0,-3,0.0075000000000000015,-0.01125,0.008650000000000001,0.005600000000000001,-0.00315,0.0121
7.5,-3.0,7.5,-3,0.006528571428571429,-0.011749378881987578,0.009057142857142857,0.0058,-0.0019202702702702714,0.012199999999999999
8.0,-3.0,8.0,-3,0.005900000000000001,-0.01245,0.009250000000000001,0.005900000000000001,-0.00115,0.012300000000000002
8.5,-3.0,8.5,-3,0.007109183673469388,-0.013143478260869566,0.00161280120481928,0.005900000000000001,-0.0013970588235294118,0.012366666666666668
9.0,-3.0,9.0,-3,0.0089,-0.01355,-0.006449999999999999,0.005900000000000001,-0.0019500000000000003,0.012400000000000001
9.5,-3.0,9.5,-3,0.010140816326530614,-0.013122499999999999,-0.007112801204819276,0.006178571428571429,-0.0034029411764705895,0.012137499999999999
10.0,-3.0,10.0,-3,0.010799999999999999,-0.01265,-0.007350000000000001,0.006500000000000001,-0.00455,0.011800000000000001
10.5,-3.0,10.5,-3,0.01035,-0.0125775,-0.0014480410447761192,0.006550595238095237,-0.003300000000000001,0.0116875
11.0,-3.0,11.0,-3,0.0099,-0.012549999999999999,0.00775,0.0066,-0.0020499999999999997,0.011600000000000001
11.5,-3.0,11.5,-3,0.010042857142857147,-0.0126,0.013737193937338101,0.006808333333333333,-0.002212328767123288,0.011505000000000001
12.0,-3.0,12.0,-3,0.010400000000000001,-0.01265,0.01945,0.0071,-0.0026499999999999996,0.0114
12.5,-3.0,12.5,-3,0.012007142857142857,-0.012549999999999999,0.026453271349862254,0.007350000000000001,-0.006137671232876712,0.01122
13.0,-3.0,13.0,-3,0.0134,-0.01245,0.031950000000000006,0.007600000000000001,-0.009349999999999999,0.0111
13.5,-3.0,13.5,-3,0.013275,-0.012531249999999999,0.034707575757575757,0.00785,-0.007518749999999999,0.0111125
14.0,-3.0,14.0,-3,0.012400000000000003,-0.01275,0.035949999999999996,0.0081,-0.002150000000000001,0.0112
-5.0,-2.0,-5.0,-2,0.006500000000000001,-0.003450000000000001,0.02315,0.002,0.0006499999999999995,0.0078
-4.5,-2.0,-4.5,-2,0.006910000000000001,-0.0021750000000000007,0.02118185975609756,0.00203,-0.00046672297297297317,0.0079
-4.0,-2.0,-4.0,-2,0.0072,-0.0017500000000000005,0.01995,0.0021000000000000003,-0.0014500000000000008,0.008
-3.5,-2.0,-3.5,-2,0.007359642857142858,-0.002360256410256411,0.01944814024390244,0.0022771428571428574,-0.0022500000000000003,0.008095
-3.0,-2.0,-3.0,-2,0.0075000000000000015,-0.003450000000000001,0.01905,0.0025,-0.0030500000000000006,0.0082
-2.5,-2.0,-2.5,-2,0.0077,-0.004566770616770618,0.018483194444444444,0.002674107142857143,-0.004117027027027027,0.00836125
-2.0,-2.0,-2.0,-2,0.007899999999999999,-0.005650000000000001,0.017950000000000004,0.0028,-0.00515,0.0085
-1.5,-2.0,-1.5,-2,0.008062857142857144,-0.006482347972972973,0.017580555555555554,0.0028520833333333336,-0.005955,0.00856875
-1.0,-2.0,-1.0,-2,0.0082,-0.007150000000000001,0.017249999999999998,0.0029000000000000002,-0.00655,0.0086
-0.5,-2.0,-0.5,-2,0.008305000000000002,-0.007740625,0.0169385,0.003016666666666667,-0.006879999999999999,0.0086
0.0,-2.0,0.0,-2,0.0084,-0.00805,0.01655,0.0031000000000000003,-0.00715,0.0086
0.5,-2.0,0.5,-2,0.008508333333333335,-0.007899999999999999,0.015720875,0.003,-0.007487499999999999,0.0085625
1.0,-2.0,1.0,-2,0.008600000000000002,-0.007750000000000001,0.014749999999999996,0.0029000000000000002,-0.007750000000000002,0.0085
1.5,-2.0,1.5,-2,0.008666666666666668,-0.007919642857142858,0.01406701388888889,0.0029833333333333335,-0.0078875,0.0084375
2.0,-2.0,2.0,-2,0.008700000000000001,-0.00825,0.013349999999999997,0.0031000000000000003,-0.00795,0.008400000000000001
2.5,-2.0,2.5,-2,0.00865,-0.008780357142857142,0.012304715762273901,0.003166666666666667,-0.0076875,0.008450000000000001
3.0,-2.0,3.0,-2,0.008600000000000002,-0.00915,0.01115,0.0032,-0.007250000000000001,0.0085
3.5,-2.0,3.5,-2,0.008600000000000002,-0.0086,0.010126707848837211,0.00305,-0.006919444444444445,0.008400000000000001
4.0,-2.0,4.0,-2,0.008600000000000002,-0.00805,0.009049999999999999,0.0029000000000000002,-0.00655,0.0083
4.5,-2.0,4.5,-2,0.008537500000000002,-0.008371428571428571,0.007635175304878051,0.002928571428571429,-0.006016805555555555,0.008333333333333333
5.0,-2.0,5.0,-2,0.0084,-0.009049999999999999,0.006349999999999998,0.003,-0.00545,0.008400000000000001
5.5,-2.0,5.5,-2,0.008162500000000001,-0.010432275132275131,0.005419512195121951,0.0032464285714285715,-0.005023365384615385,0.0085
6.0,-2.0,6.0,-2,0.007800000000000001,-0.01155,0.0049499999999999995,0.0036000000000000003,-0.00455,0.0086
6.5,-2.0,6.5,-2,0.007271428571428573,-0.011653439153439154,0.0055928571428571425,0.003925,-0.003782614345114345,0.008650000000000001
7.0,-2.0,7.0,-2,0.0066,-0.01175,0.006450000000000001,0.004200000000000001,-0.00285,0.0087
7.5,-2.0,7.5,-2,0.005628571428571429,-0.012249378881987578,0.006857142857142857,0.0044,-0.0016202702702702715,0.0088
8.0,-2.0,8.0,-2,0.005000000000000001,-0.01295,0.007050000000000001,0.0045000000000000005,-0.0008500000000000001,0.0089
8.5,-2.0,8.5,-2,0.006209183673469388,-0.013643478260869566,-0.0005871987951807205,0.0045000000000000005,-0.001097058823529412,0.008966666666666668
9.0,-2.0,9.0,-2,0.008000000000000002,-0.01405,-0.00865,0.0045000000000000005,-0.0016500000000000004,0.009000000000000001
9.5,-2.0,9.5,-2,0.009240816326530616,-0.0136225,-0.009312801204819277,0.004778571428571429,-0.003102941176470588,0.0087375
10.0,-2.0,10.0,-2,0.0099,-0.01315,-0.009550000000000001,0.0051,-0.00425,0.008400000000000001
10.5,-2.0,10.5,-2,0.009450000000000002,-0.0130775,-0.0036480410447761197,0.005150595238095239,-0.003000000000000001,0.0082875
11.0,-2.0,11.0,-2,0.009000000000000003,-0.013049999999999999,0.005549999999999999,0.0052,-0.0017499999999999998,0.0082
11.5,-2.0,11.5,-2,0.009142857142857145,-0.0131,0.0115371939373381,0.005408333333333333,-0.001912328767123288,0.008105000000000001
12.0,-2.0,12.0,-2,0.009500000000000003,-0.01315,0.017249999999999998,0.0057,-0.0023499999999999997,0.008
12.5,-2.0,12.5,-2,0.011107142857142859,-0.013049999999999999,0.024253271349862254,0.00595,-0.005837671232876712,0.00782
13.0,-2.0,13.0,-2,0.012499999999999999,-0.01295,0.029749999999999995,0.006200000000000001,-0.00905,0.0077
13.5,-2.0,13.5,-2,0.012374999999999999,-0.01303125,0.03250757575757575,0.006450000000000001,-0.007218750000000001,0.007712500000000001
14.0,-2.0,14.0,-2,0.011500000000000002,-0.01325,0.03375,0.006700000000000001,-0.0018499999999999992,0.0078
-5.0,-1.0,-5.0,-1,0.0060999999999999995,0.0023499999999999997,0.023049999999999998,0.0,0.0005499999999999993,0.0054
-4.5,-1.0,-4.5,-1,0.00651,0.0036249999999999998,0.021081859756097564,2.9999999999999862e-05,-0.0005667229729729734,0.0055
-4.0,-1.0,-4.0,-1,0.006799999999999999,0.00405,0.019850000000000003,9.999999999999983e-05,-0.001550000000000001,0.005600000000000001
-3.5,-1.0,-3.5,-1,0.006959642857142857,0.0034397435897435893,0.019348140243902436,0.0002771428571428571,-0.0023499999999999997,0.005695
-3.0,-1.0,-3.0,-1,0.0071,0.0023499999999999997,0.018950000000000005,0.0005,-0.00315,0.0058
-2.5,-1.0,-2.5,-1,0.007299999999999999,0.001233229383229383,0.01838319444444444,0.0006741071428571427,-0.004217027027027026,0.0059612499999999995
-2.0,-1.0,-2.0,-1,0.0075,0.00014999999999999974,0.01785,0.0007999999999999999,-0.0052499999999999995,0.0060999999999999995
-1.5,-1.0,-1.5,-1,0.007662857142857143,-0.0006823479729729731,0.01748055555555555,0.0008520833333333333,-0.006055,0.006168750000000001
-1.0,-1.0,-1.0,-1,0.0078,-0.0013500000000000003,0.017149999999999995,0.0008999999999999999,-0.006650000000000001,0.006200000000000001
-0.5,-1.0,-0.5,-1,0.007905,-0.0019406250000000003,0.016838500000000003,0.0010166666666666666,-0.00698,0.006200000000000001
0.0,-1.0,0.0,-1,0.008000000000000002,-0.0022500000000000003,0.016450000000000003,0.0010999999999999998,-0.007250000000000001,0.006200000000000001
0.5,-1.0,0.5,-1,0.008108333333333334,-0.0021000000000000003,0.015620875000000003,0.001,-0.0075875000000000005,0.0061625
1.0,-1.0,1.0,-1,0.0082,-0.0019500000000000001,0.01465,0.0008999999999999999,-0.007850000000000001,0.0060999999999999995
1.5,-1.0,1.5,-1,0.008266666666666667,-0.0021196428571428573,0.01396701388888889,0.0009833333333333332,-0.0079875,0.0060374999999999995
2.0,-1.0,2.0,-1,0.0083,-0.00245,0.013250000000000001,0.0010999999999999998,-0.00805,0.006
2.5,-1.0,2.5,-1,0.008250000000000002,-0.002980357142857143,0.012204715762273905,0.0011666666666666665,-0.007787500000000001,0.00605
3.0,-1.0,3.0,-1,0.0082,-0.0033500000000000005,0.01105,0.0012,-0.007350000000000001,0.0060999999999999995
3.5,-1.0,3.5,-1,0.0082,-0.0028000000000000004,0.010026707848837208,0.0010499999999999997,-0.0070194444444444445,0.006
4.0,-1.0,4.0,-1,0.0082,-0.0022500000000000003,0.00895,0.0008999999999999999,-0.006650000000000001,0.005899999999999999
4.5,-1.0,4.5,-1,0.0081375,-0.0025714285714285717,0.007535175304878048,0.0009285714285714285,-0.006116805555555556,0.005933333333333334
5.0,-1.0,5.0,-1,0.008000000000000002,-0.0032500000000000003,0.006250000000000002,0.001,-0.005550000000000001,0.006
5.5,-1.0,5.5,-1,0.0077625,-0.004632275132275133,0.005319512195121952,0.0012464285714285713,-0.005123365384615384,0.006100000000000001
6.0,-1.0,6.0,-1,0.0074,-0.005750000000000001,0.00485,0.0015999999999999999,-0.00465,0.006200000000000001
6.5,-1.0,6.5,-1,0.006871428571428572,-0.005853439153439153,0.005492857142857143,0.0019249999999999998,-0.0038826143451143463,0.00625
7.0,-1.0,7.0,-1,0.006199999999999999,-0.00595,0.0063500000000000015,0.0021999999999999997,-0.0029500000000000012,0.0063
7.5,-1.0,7.5,-1,0.005228571428571428,-0.006449378881987578,0.006757142857142857,0.0024000000000000002,-0.0017202702702702709,0.0063999999999999994
8.0,-1.0,8.0,-1,0.0046,-0.007150000000000001,0.006950000000000001,0.0025,-0.0009500000000000003,0.006500000000000001
8.5,-1.0,8.5,-1,0.005809183673469387,-0.007843478260869565,-0.0006871987951807233,0.0025,-0.0011970588235294122,0.006566666666666667
9.0,-1.0,9.0,-1,0.007600000000000001,-0.00825,-0.008749999999999999,0.0025,-0.0017499999999999998,0.0066
9.5,-1.0,9.5,-1,0.008840816326530611,-0.0078225,-0.009412801204819276,0.0027785714285714284,-0.003202941176470589,0.006337499999999999
10.0,-1.0,10.0,-1,0.0095,-0.00735,-0.00965,0.0031,-0.0043500000000000014,0.006
10.5,-1.0,10.5,-1,0.009049999999999997,-0.0072775,-0.003748041044776119,0.003150595238095238,-0.0031000000000000003,0.0058875
11.0,-1.0,11.0,-1,0.008599999999999998,-0.00725,0.00545,0.0032,-0.001850000000000001,0.0058
11.5,-1.0,11.5,-1,0.008742857142857144,-0.007300000000000002,0.011437193937338101,0.003408333333333333,-0.0020123287671232875,0.005705
12.0,-1.0,12.0,-1,0.009099999999999999,-0.00735,0.017149999999999995,0.0036999999999999997,-0.002450000000000001,0.005600000000000001
12.5,-1.0,12.5,-1,0.010707142857142858,-0.00725,0.02415327134986225,0.00395,-0.005937671232876711,0.0054199999999999995
13.0,-1.0,13.0,-1,0.012100000000000001,-0.007150000000000001,0.02965,0.004200000000000001,-0.00915,0.005299999999999999
13.5,-1.0,13.5,-1,0.011975000000000001,-0.007231249999999999,0.03240757575757576,0.004449999999999999,-0.007318750000000001,0.0053124999999999995
14.0,-1.0,14.0,-1,0.0111,-0.007449999999999999,0.03365,0.004699999999999999,-0.0019500000000000003,0.0054
-5.0,0.0,-5.0,0,0.005900000000000001,0.00385,0.02365,-0.0015999999999999999,0.00145,0.0026999999999999997
-4.5,0.0,-4.5,0,0.006310000000000001,0.005125,0.02168185975609756,-0.0015700000000000002,0.0003332770270270272,0.0028
-4.0,0.0,-4.0,0,0.0066,0.00555,0.02045,-0.0015,-0.0006500000000000004,0.0028999999999999994
-3.5,0.0,-3.5,0,0.006759642857142858,0.00493974358974359,0.01994814024390244,-0.0013228571428571428,-0.00145,0.002995
-3.0,0.0,-3.0,0,0.006900000000000002,0.00385,0.01955,-0.0010999999999999998,-0.0022500000000000003,0.0031
-2.5,0.0,-2.5,0,0.0071,0.0027332293832293833,0.018983194444444445,-0.0009258928571428571,-0.0033170270270270266,0.00326125
-2.0,0.0,-2.0,0,0.007299999999999999,0.0016499999999999998,0.018450000000000005,-0.0007999999999999999,-0.00435,0.0034
-1.5,0.0,-1.5,0,0.007462857142857144,0.000817652027027027,0.018080555555555555,-0.0007479166666666667,-0.005154999999999998,0.003468749999999999
-1.0,0.0,-1.0,0,0.007600000000000001,0.00014999999999999996,0.01775,-0.0007000000000000001,-0.00575,0.0035
-0.5,0.0,-0.5,0,0.007705000000000002,-0.00044062500000000004,0.0174385,-0.0005833333333333333,-0.00608,0.0035
0.0,0.0,0.0,0,0.0078,-0.00075,0.01705,-0.0005,-0.00635,0.0035
0.5,0.0,0.5,0,0.007908333333333335,-0.0006000000000000001,0.016220875,-0.0006000000000000001,-0.006687500000000001,0.0034625
1.0,0.0,1.0,0,0.008000000000000002,-0.0004500000000000001,0.015249999999999996,-0.0007000000000000001,-0.00695,0.0034
1.5,0.0,1.5,0,0.008066666666666668,-0.0006196428571428572,0.014567013888888893,-0.0006166666666666666,-0.0070875,0.0033374999999999998
2.0,0.0,2.0,0,0.008100000000000001,-0.0009500000000000001,0.013849999999999998,-0.0005,-0.00715,0.0033000000000000004
2.5,0.0,2.5,0,0.00805,-0.0014803571428571429,0.012804715762273901,-0.0004333333333333333,-0.0068874999999999995,0.00335
3.0,0.0,3.0,0,0.008000000000000002,-0.0018499999999999999,0.01165,-0.00039999999999999996,-0.006449999999999999,0.0034
3.5,0.0,3.5,0,0.008000000000000002,-0.0013000000000000002,0.010626707848837211,-0.0005500000000000001,-0.006119444444444445,0.0033000000000000004
4.0,0.0,4.0,0,0.008000000000000002,-0.00075,0.00955,-0.0007000000000000001,-0.00575,0.0031999999999999993
4.5,0.0,4.5,0,0.007937500000000002,-0.0010714285714285715,0.008135175304878051,-0.0006714285714285715,-0.005216805555555556,0.0032333333333333333
5.0,0.0,5.0,0,0.0078,-0.00175,0.0068499999999999985,-0.0006000000000000001,-0.00465,0.0033000000000000004
5.5,0.0,5.5,0,0.0075625,-0.003132275132275132,0.005919512195121952,-0.00035357142857142857,-0.0042233653846153844,0.0034
6.0,0.0,6.0,0,0.0072,-0.00425,0.00545,0.0,-0.00375,0.0035
6.5,0.0,6.5,0,0.006671428571428573,-0.0043534391534391535,0.006092857142857143,0.000325,-0.002982614345114345,0.0035500000000000006
7.0,0.0,7.0,0,0.006,-0.00445,0.006950000000000001,0.0006000000000000001,-0.0020499999999999997,0.0036000000000000003
7.5,0.0,7.5,0,0.005028571428571429,-0.004949378881987578,0.007357142857142857,0.0008000000000000001,-0.0008202702702702703,0.0036999999999999997
8.0,0.0,8.0,0,0.004399999999999999,-0.00565,0.007550000000000001,0.0009,-4.99999999999997e-05,0.0038
8.5,0.0,8.5,0,0.005609183673469386,-0.006343478260869566,-8.719879518072002e-05,0.0009,-0.00029705882352941155,0.003866666666666667
9.0,0.0,9.0,0,0.0074,-0.00675,-0.00815,0.0009,-0.0008500000000000001,0.0039000000000000003
9.5,0.0,9.5,0,0.008640816326530612,-0.006322500000000001,-0.008812801204819276,0.0011785714285714286,-0.002302941176470589,0.0036374999999999997
10.0,0.0,10.0,0,0.009300000000000001,-0.00585,-0.00905,0.0015,-0.00345,0.0033000000000000004
10.5,0.0,10.5,0,0.008849999999999998,-0.0057775000000000005,-0.0031480410447761193,0.001550595238095238,-0.0022000000000000006,0.0031875000000000007
11.0,0.0,11.0,0,0.0084,-0.005750000000000001,0.00605,0.0016,-0.0009500000000000003,0.0031
11.5,0.0,11.5,0,0.008542857142857145,-0.0058000000000000005,0.012037193937338101,0.0018083333333333332,-0.0011123287671232877,0.0030050000000000003
12.0,0.0,12.0,0,0.0089,-0.00585,0.01775,0.0021000000000000003,-0.0015499999999999993,0.0028999999999999994
12.5,0.0,12.5,0,0.010507142857142859,-0.005749999999999999,0.024753271349862254,0.0023500000000000005,-0.0050376712328767115,0.0027199999999999998
13.0,0.0,13.0,0,0.011899999999999999,-0.00565,0.030249999999999996,0.0026,-0.008249999999999999,0.0025999999999999994
13.5,0.0,13.5,0,0.011774999999999999,-0.005731249999999999,0.03300757575757575,0.0028499999999999997,-0.006418749999999999,0.0026125
14.0,0.0,14.0,0,0.010900000000000002,-0.0059499999999999996,0.03425,0.0031,-0.0010499999999999997,0.0026999999999999997
-5.0,1.0,-5.0,1,0.005700000000000002,-0.00555,0.02315,-0.0012,0.00275,-4.336808689942018e-19
-4.5,1.0,-4.5,1,0.006110000000000001,-0.004275,0.02118185975609756,-0.00117,0.0016332770270270271,9.999999999999983e-05
-4.0,1.0,-4.0,1,0.006400000000000001,-0.00385,0.01995,-0.0011,0.0006499999999999995,0.0002000000000000001
-3.5,1.0,-3.5,1,0.006559642857142859,-0.0044602564102564106,0.01944814024390244,-0.0009228571428571428,-0.00014999999999999996,0.0002949999999999997
-3.0,1.0,-3.0,1,0.006700000000000001,-0.00555,0.01905,-0.0006999999999999999,-0.0009499999999999995,0.00039999999999999975
-2.5,1.0,-2.5,1,0.006900000000000002,-0.006666770616770617,0.018483194444444444,-0.0005258928571428572,-0.002017027027027026,0.0005612499999999997
-2.0,1.0,-2.0,1,0.0071,-0.007750000000000001,0.017950000000000004,-0.00039999999999999996,-0.003049999999999999,0.0006999999999999997
-1.5,1.0,-1.5,1,0.007262857142857144,-0.008582347972972972,0.017580555555555554,-0.0003479166666666666,-0.003854999999999999,0.0007687499999999999
-1.0,1.0,-1.0,1,0.0074,-0.00925,0.017249999999999998,-0.00030000000000000003,-0.004450000000000001,0.0007999999999999999
-0.5,1.0,-0.5,1,0.007505000000000001,-0.009840624999999999,0.0169385,-0.0001833333333333333,-0.0047799999999999995,0.0007999999999999999
0.0,1.0,0.0,1,0.007600000000000001,-0.01015,0.01655,-9.999999999999994e-05,-0.005050000000000001,0.0007999999999999999
0.5,1.0,0.5,1,0.007708333333333334,-0.009999999999999998,0.015720875,-0.00019999999999999998,-0.0053875,0.0007624999999999997
1.0,1.0,1.0,1,0.007800000000000001,-0.00985,0.014749999999999996,-0.00030000000000000003,-0.0056500000000000005,0.0006999999999999997
1.5,1.0,1.5,1,0.00786666666666667,-0.010019642857142857,0.01406701388888889,-0.00021666666666666666,-0.005787499999999999,0.0006374999999999996
2.0,1.0,2.0,1,0.007899999999999999,-0.01035,0.013349999999999997,-9.999999999999994e-05,-0.005849999999999999,0.0006000000000000003
2.5,1.0,2.5,1,0.007850000000000001,-0.010880357142857143,0.012304715762273901,-3.333333333333335e-05,-0.0055875000000000005,0.00065
3.0,1.0,3.0,1,0.007800000000000001,-0.01125,0.01115,0.0,-0.00515,0.0006999999999999997
3.5,1.0,3.5,1,0.007800000000000001,-0.0107,0.010126707848837211,-0.00015000000000000007,-0.004819444444444444,0.0006000000000000003
4.0,1.0,4.0,1,0.007800000000000001,-0.01015,0.009049999999999999,-0.00030000000000000003,-0.004450000000000001,0.0005
4.5,1.0,4.5,1,0.007737500000000001,-0.01047142857142857,0.007635175304878051,-0.00027142857142857144,-0.003916805555555555,0.0005333333333333331
5.0,1.0,5.0,1,0.007600000000000001,-0.01115,0.006349999999999998,-0.00019999999999999998,-0.0033500000000000005,0.0006000000000000003
5.5,1.0,5.5,1,0.007362499999999999,-0.01253227513227513,0.005419512195121951,4.642857142857145e-05,-0.0029233653846153836,0.0007000000000000005
6.0,1.0,6.0,1,0.007000000000000001,-0.013649999999999999,0.0049499999999999995,0.0004,-0.002449999999999999,0.0007999999999999999
6.5,1.0,6.5,1,0.006471428571428572,-0.013753439153439153,0.0055928571428571425,0.000725,-0.0016826143451143458,0.0008500000000000005
7.0,1.0,7.0,1,0.005800000000000001,-0.01385,0.006450000000000001,0.001,-0.0007500000000000007,0.0009000000000000002
7.5,1.0,7.5,1,0.004828571428571429,-0.014349378881987576,0.006857142857142857,0.0012000000000000001,0.0004797297297297297,0.0010000000000000005
8.0,1.0,8.0,1,0.004200000000000001,-0.015050000000000001,0.007050000000000001,0.0013,0.0012500000000000002,0.0010999999999999998
8.5,1.0,8.5,1,0.005409183673469388,-0.015743478260869564,-0.0005871987951807205,0.0013,0.0010029411764705884,0.001166666666666667
9.0,1.0,9.0,1,0.0072,-0.016149999999999998,-0.00865,0.0013,0.0004499999999999999,0.0012000000000000001
9.5,1.0,9.5,1,0.008440816326530614,-0.0157225,-0.009312801204819277,0.0015785714285714285,-0.0010029411764705884,0.0009374999999999995
10.0,1.0,10.0,1,0.009099999999999999,-0.01525,-0.009550000000000001,0.0019,-0.002150000000000001,0.0006000000000000003
10.5,1.0,10.5,1,0.00865,-0.0151775,-0.0036480410447761197,0.001950595238095238,-0.0008999999999999998,0.0004875000000000005
11.0,1.0,11.0,1,0.0082,-0.01515,0.005549999999999999,0.002,0.0003499999999999996,0.00039999999999999975
11.5,1.0,11.5,1,0.008342857142857147,-0.015199999999999998,0.0115371939373381,0.002208333333333333,0.0001876712328767122,0.00030500000000000015
12.0,1.0,12.0,1,0.008700000000000001,-0.01525,0.017249999999999998,0.0025,-0.0002500000000000002,0.0002000000000000001
12.5,1.0,12.5,1,0.010307142857142857,-0.015149999999999997,0.024253271349862254,0.0027500000000000003,-0.0037376712328767107,1.999999999999962e-05
13.0,1.0,13.0,1,0.0117,-0.015050000000000001,0.029749999999999995,0.003,-0.00695,-9.999999999999983e-05
13.5,1.0,13.5,1,0.011575,-0.015131249999999999,0.03250757575757575,0.00325,-0.00511875,-8.750000000000034e-05
14.0,1.0,14.0,1,0.010700000000000003,-0.015349999999999999,0.03375,0.0035,0.0002500000000000002,-4.336808689942018e-19
-5.0,2.0,-5.0,2,0.0055,-0.005150000000000001,0.023350000000000006,-0.0025,0.0026499999999999996,-0.0025000000000000005
-4.5,2.0,-4.5,2,0.00591,-0.003875000000000001,0.02138185975609756,-0.00247,0.0015332770270270269,-0.0024000000000000002
-4.0,2.0,-4.0,2,0.006199999999999999,-0.003450000000000001,0.020149999999999998,-0.0024,0.0005499999999999993,-0.0023
-3.5,2.0,-3.5,2,0.006359642857142857,-0.004060256410256411,0.019648140243902445,-0.0022228571428571427,-0.0002500000000000002,-0.0022050000000000004
-3.0,2.0,-3.0,2,0.006500000000000001,-0.005150000000000001,0.01925,-0.0019999999999999996,-0.0010500000000000006,-0.0021000000000000003
-2.5,2.0,-2.5,2,0.006699999999999999,-0.006266770616770618,0.01868319444444445,-0.001825892857142857,-0.002117027027027027,-0.0019387500000000002
-2.0,2.0,-2.0,2,0.0069,-0.0073500000000000015,0.018150000000000003,-0.0016999999999999997,-0.00315,-0.0018000000000000002
-1.5,2.0,-1.5,2,0.007062857142857143,-0.008182347972972973,0.01778055555555556,-0.0016479166666666665,-0.0039549999999999984,-0.0017312500000000004
-1.0,2.0,-1.0,2,0.0072,-0.00885,0.017450000000000004,-0.0015999999999999999,-0.00455,-0.0017
-0.5,2.0,-0.5,2,0.007305000000000001,-0.009440625,0.017138499999999997,-0.0014833333333333335,-0.004880000000000001,-0.0017
0.0,2.0,0.0,2,0.0074,-0.00975,0.016749999999999998,-0.0013999999999999998,-0.00515,-0.0017
0.5,2.0,0.5,2,0.007508333333333334,-0.0096,0.015920874999999998,-0.0015,-0.005487500000000001,-0.0017375000000000001
1.0,2.0,1.0,2,0.007600000000000001,-0.00945,0.014950000000000001,-0.0015999999999999999,-0.00575,-0.0018000000000000002
1.5,2.0,1.5,2,0.007666666666666667,-0.009619642857142858,0.014267013888888892,-0.0015166666666666666,-0.0058875,-0.0018625000000000002
2.0,2.0,2.0,2,0.0077,-0.00995,0.013550000000000003,-0.0013999999999999998,-0.00595,-0.0019
2.5,2.0,2.5,2,0.0076500000000000005,-0.010480357142857142,0.012504715762273907,-0.0013333333333333333,-0.0056875,-0.0018499999999999999
3.0,2.0,3.0,2,0.007600000000000001,-0.01085,0.011350000000000002,-0.0013,-0.0052499999999999995,-0.0018000000000000002
3.5,2.0,3.5,2,0.007600000000000001,-0.0103,0.01032670784883721,-0.00145,-0.004919444444444445,-0.0019
4.0,2.0,4.0,2,0.007600000000000001,-0.00975,0.009250000000000001,-0.0015999999999999999,-0.00455,-0.002
4.5,2.0,4.5,2,0.007537500000000001,-0.010071428571428571,0.00783517530487805,-0.0015714285714285713,-0.0040168055555555564,-0.001966666666666667
5.0,2.0,5.0,2,0.0074,-0.01075,0.006550000000000004,-0.0015,-0.00345,-0.0019
5.5,2.0,5.5,2,0.0071625000000000005,-0.012132275132275131,0.0056195121951219534,-0.0012535714285714285,-0.0030233653846153848,-0.0017999999999999997
6.0,2.0,6.0,2,0.0068000000000000005,-0.01325,0.005150000000000002,-0.0009,-0.00255,-0.0017
6.5,2.0,6.5,2,0.006271428571428572,-0.013353439153439154,0.005792857142857145,-0.000575,-0.0017826143451143452,-0.0016499999999999998
7.0,2.0,7.0,2,0.005599999999999999,-0.01345,0.006650000000000003,-0.0002999999999999999,-0.0008500000000000001,-0.0016
7.5,2.0,7.5,2,0.004628571428571428,-0.013949378881987579,0.007057142857142859,-9.999999999999983e-05,0.0003797297297297294,-0.0015
8.0,2.0,8.0,2,0.004,-0.01465,0.007250000000000003,1.0842021724855044e-19,0.00115,-0.0013999999999999998
8.5,2.0,8.5,2,0.005209183673469387,-0.015343478260869566,-0.00038719879518072167,1.0842021724855044e-19,0.0009029411764705881,-0.0013333333333333335
9.0,2.0,9.0,2,0.007000000000000001,-0.01575,-0.008449999999999997,1.0842021724855044e-19,0.0003499999999999996,-0.0013000000000000004
9.5,2.0,9.5,2,0.008240816326530615,-0.0153225,-0.009112801204819275,0.0002785714285714286,-0.0011029411764705887,-0.0015625000000000003
10.0,2.0,10.0,2,0.0089,-0.01485,-0.009349999999999999,0.0006000000000000001,-0.0022500000000000003,-0.0019
10.5,2.0,10.5,2,0.008450000000000001,-0.0147775,-0.0034480410447761175,0.0006505952380952381,-0.0010000000000000009,-0.0020124999999999995
11.0,2.0,11.0,2,0.008000000000000002,-0.01475,0.005750000000000002,0.0007000000000000001,0.00024999999999999935,-0.0021000000000000003
11.5,2.0,11.5,2,0.008142857142857144,-0.0148,0.011737193937338103,0.0009083333333333333,8.767123287671194e-05,-0.002195
12.0,2.0,12.0,2,0.008500000000000002,-0.01485,0.017450000000000004,0.0012000000000000001,-0.0003500000000000005,-0.0023
12.5,2.0,12.5,2,0.010107142857142858,-0.01475,0.02445327134986226,0.0014500000000000003,-0.003837671232876712,-0.0024800000000000004
13.0,2.0,13.0,2,0.011499999999999998,-0.01465,0.02995,0.0017000000000000001,-0.007049999999999999,-0.0026
13.5,2.0,13.5,2,0.011374999999999998,-0.01473125,0.032707575757575755,0.00195,-0.005218749999999999,-0.0025875000000000004
14.0,2.0,14.0,2,0.0105,-0.014949999999999998,0.03395000000000001,0.0022,0.00014999999999999996,-0.0025000000000000005
-5.0,3.0,-5.0,3,0.005700000000000002,-0.0017500000000000005,0.024650000000000002,-0.0039000000000000003,0.0030499999999999998,-0.005200000000000001
-4.5,3.0,-4.5,3,0.006110000000000001,-0.0004750000000000004,0.02268185975609756,-0.0038700000000000006,0.001933277027027027,-0.0051
-4.0,3.0,-4.0,3,0.006400000000000001,-5.000000000000035e-05,0.02145,-0.0038,0.0009499999999999995,-0.005000000000000001
-3.5,3.0,-3.5,3,0.006559642857142859,-0.0006602564102564108,0.02094814024390244,-0.0036228571428571434,0.00014999999999999996,-0.0049050000000000005
-3.0,3.0,-3.0,3,0.006700000000000001,-0.0017500000000000005,0.020550000000000002,-0.0034,-0.0006499999999999995,-0.0048000000000000004
-2.5,3.0,-2.5,3,0.006900000000000002,-0.0028667706167706175,0.019983194444444446,-0.0032258928571428573,-0.0017170270270270276,-0.0046387500000000005
-2.0,3.0,-2.0,3,0.0071,-0.003950000000000001,0.019450000000000005,-0.0031,-0.0027500000000000007,-0.0045000000000000005
-1.5,3.0,-1.5,3,0.007262857142857144,-0.004782347972972973,0.019080555555555555,-0.0030479166666666667,-0.003554999999999999,-0.004431250000000001
-1.0,3.0,-1.0,3,0.0074,-0.005450000000000001,0.01875,-0.003,-0.004149999999999999,-0.0044
-0.5,3.0,-0.5,3,0.007505000000000001,-0.006040625000000001,0.0184385,-0.0028833333333333337,-0.00448,-0.0044
0.0,3.0,0.0,3,0.007600000000000001,-0.006350000000000001,0.01805,-0.0028,-0.004749999999999999,-0.0044
0.5,3.0,0.5,3,0.007708333333333334,-0.006200000000000001,0.017220875,-0.0029000000000000002,-0.0050875,-0.0044375000000000005
1.0,3.0,1.0,3,0.007800000000000001,-0.006050000000000001,0.016249999999999997,-0.003,-0.005350000000000001,-0.0045000000000000005
1.5,3.0,1.5,3,0.00786666666666667,-0.006219642857142858,0.015567013888888894,-0.002916666666666667,-0.005487500000000001,-0.004562500000000001
2.0,3.0,2.0,3,0.007899999999999999,-0.00655,0.014849999999999999,-0.0028,-0.005550000000000001,-0.0046
2.5,3.0,2.5,3,0.007850000000000001,-0.007080357142857143,0.013804715762273902,-0.0027333333333333337,-0.005287499999999999,-0.00455
3.0,3.0,3.0,3,0.007800000000000001,-0.007450000000000001,0.012650000000000002,-0.0027,-0.00485,-0.0045000000000000005
3.5,3.0,3.5,3,0.007800000000000001,-0.006900000000000001,0.011626707848837212,-0.00285,-0.004519444444444446,-0.0046
4.0,3.0,4.0,3,0.007800000000000001,-0.006350000000000001,0.01055,-0.003,-0.004149999999999999,-0.004700000000000001
4.5,3.0,4.5,3,0.007737500000000001,-0.006671428571428572,0.009135175304878052,-0.0029714285714285715,-0.0036168055555555554,-0.004666666666666667
5.0,3.0,5.0,3,0.007600000000000001,-0.00735,0.00785,-0.0029000000000000002,-0.003049999999999999,-0.0046
5.5,3.0,5.5,3,0.007362499999999999,-0.008732275132275131,0.0069195121951219525,-0.0026535714285714287,-0.0026233653846153854,-0.0045000000000000005
6.0,3.0,6.0,3,0.007000000000000001,-0.00985,0.006450000000000001,-0.0023,-0.002150000000000001,-0.0044
6.5,3.0,6.5,3,0.006471428571428572,-0.009953439153439153,0.007092857142857144,-0.001975,-0.0013826143451143458,-0.00435
7.0,3.0,7.0,3,0.005800000000000001,-0.01005,0.007950000000000002,-0.0017000000000000001,-0.00045000000000000075,-0.0043
7.5,3.0,7.5,3,0.004828571428571429,-0.010549378881987578,0.008357142857142858,-0.0015,0.0007797297297297296,-0.004200000000000001
8.0,3.0,8.0,3,0.004200000000000001,-0.01125,0.008550000000000002,-0.0014000000000000002,0.0015500000000000002,-0.0041
8.5,3.0,8.5,3,0.005409183673469388,-0.011943478260869566,0.0009128012048192809,-0.0014000000000000002,0.0013029411764705883,-0.004033333333333333
9.0,3.0,9.0,3,0.0072,-0.01235,-0.007149999999999998,-0.0014000000000000002,0.0007499999999999998,-0.004
9.5,3.0,9.5,3,0.008440816326530614,-0.011922499999999999,-0.007812801204819276,-0.0011214285714285716,-0.0007029411764705885,-0.004262500000000001
10.0,3.0,10.0,3,0.009099999999999999,-0.01145,-0.00805,-0.0008000000000000001,-0.0018499999999999992,-0.0046
10.5,3.0,10.5,3,0.00865,-0.0113775,-0.0021480410447761184,-0.0007494047619047621,-0.0005999999999999998,-0.0047125
11.0,3.0,11.0,3,0.0082,-0.011349999999999999,0.007050000000000001,-0.0007000000000000001,0.0006499999999999995,-0.0048000000000000004
11.5,3.0,11.5,3,0.008342857142857147,-0.0114,0.013037193937338102,-0.0004916666666666669,0.0004876712328767121,-0.004895
12.0,3.0,12.0,3,0.008700000000000001,-0.01145,0.01875,-0.0002000000000000001,4.99999999999997e-05,-0.005000000000000001
12.5,3.0,12.5,3,0.010307142857142857,-0.011349999999999999,0.025753271349862255,5.000000000000013e-05,-0.0034376712328767125,-0.005180000000000001
13.0,3.0,13.0,3,0.0117,-0.01125,0.031249999999999997,0.0002999999999999999,-0.00665,-0.005300000000000001
13.5,3.0,13.5,3,0.011575,-0.01133125,0.03400757575757575,0.0005499999999999997,-0.00481875,-0.0052875000000000005
14.0,3.0,14.0,3,0.010700000000000003,-0.01155,0.035250000000000004,0.0007999999999999999,0.0005500000000000001,-0.005200000000000001
-5.0,4.0,-5.0,4,0.005300000000000001,0.011450000000000002,0.019850000000000003,-0.007300000000000001,0.00435,-0.0078
-4.5,4.0,-4.5,4,0.0057100000000000015,0.012725,0.017881859756097563,-0.00727,0.003233277027027027,-0.0077
-4.0,4.0,-4.0,4,0.006,0.013150000000000002,0.01665,-0.0072,0.0022499999999999994,-0.007600000000000001
-3.5,4.0,-3.5,4,0.006159642857142858,0.01253974358974359,0.01614814024390244,-0.007022857142857143,0.00145,-0.0075049999999999995
-3.0,4.0,-3.0,4,0.006300000000000002,0.011450000000000002,0.015750000000000004,-0.0068000000000000005,0.0006499999999999995,-0.0074
-2.5,4.0,-2.5,4,0.006500000000000001,0.010333229383229385,0.015183194444444447,-0.006625892857142858,-0.0004170270270270268,-0.00723875
-2.0,4.0,-2.0,4,0.006699999999999999,0.009250000000000001,0.01465,-0.006500000000000001,-0.00145,-0.0071
-1.5,4.0,-1.5,4,0.0068628571428571445,0.008417652027027028,0.014280555555555557,-0.006447916666666668,-0.0022549999999999983,-0.007031250000000001
-1.0,4.0,-1.0,4,0.007000000000000001,0.00775,0.01395,-0.006400000000000001,-0.00285,-0.007
-0.5,4.0,-0.5,4,0.007105000000000002,0.007159375,0.013638500000000001,-0.0062833333333333335,-0.0031800000000000005,-0.007
0.0,4.0,0.0,4,0.0072,0.00685,0.013250000000000001,-0.006200000000000001,-0.00345,-0.007
0.5,4.0,0.5,4,0.007308333333333335,0.007,0.012420875000000001,-0.0063,-0.003787500000000001,-0.0070375
1.0,4.0,1.0,4,0.007400000000000002,0.00715,0.011449999999999998,-0.006400000000000001,-0.00405,-0.0071
1.5,4.0,1.5,4,0.007466666666666668,0.006980357142857143,0.010767013888888888,-0.006316666666666667,-0.0041875,-0.0071625000000000005
2.0,4.0,2.0,4,0.0075000000000000015,0.0066500000000000005,0.01005,-0.006200000000000001,-0.00425,-0.0072
2.5,4.0,2.5,4,0.00745,0.006119642857142857,0.009004715762273904,-0.006133333333333334,-0.0039875,-0.00715
3.0,4.0,3.0,4,0.007400000000000002,0.00575,0.00785,-0.0060999999999999995,-0.0035499999999999993,-0.0071
3.5,4.0,3.5,4,0.007400000000000002,0.0063,0.00682670784883721,-0.00625,-0.003219444444444445,-0.0072
4.0,4.0,4.0,4,0.007400000000000002,0.00685,0.005750000000000002,-0.006400000000000001,-0.00285,-0.007300000000000001
4.5,4.0,4.5,4,0.007337500000000002,0.006528571428571429,0.00433517530487805,-0.006371428571428571,-0.0023168055555555563,-0.007266666666666667
5.0,4.0,5.0,4,0.0072,0.00585,0.0030500000000000006,-0.0063,-0.0017499999999999998,-0.0072
5.5,4.0,5.5,4,0.0069625,0.004467724867724869,0.0021195121951219503,-0.006053571428571429,-0.0013233653846153846,-0.0071
6.0,4.0,6.0,4,0.0066,0.0033500000000000005,0.0016500000000000022,-0.0057,-0.0008500000000000001,-0.007
6.5,4.0,6.5,4,0.006071428571428573,0.0032465608465608474,0.002292857142857145,-0.005375,-8.261434511434504e-05,-0.00695
7.0,4.0,7.0,4,0.0054,0.00315,0.00315,-0.0051,0.0008500000000000001,-0.0069
7.5,4.0,7.5,4,0.004428571428571429,0.0026506211180124225,0.0035571428571428594,-0.0049,0.0020797297297297295,-0.0068000000000000005
8.0,4.0,8.0,4,0.0037999999999999996,0.0019500000000000006,0.00375,-0.0048000000000000004,0.0028499999999999997,-0.0067
8.5,4.0,8.5,4,0.0050091836734693865,0.001256521739130435,-0.0038871987951807213,-0.0048000000000000004,0.002602941176470588,-0.006633333333333333
9.0,4.0,9.0,4,0.0068000000000000005,0.0008500000000000003,-0.011949999999999999,-0.0048000000000000004,0.0020499999999999997,-0.0066
9.5,4.0,9.5,4,0.008040816326530613,0.0012775000000000002,-0.012612801204819276,-0.004521428571428572,0.0005970588235294115,-0.0068625000000000005
10.0,4.0,10.0,4,0.008700000000000001,0.00175,-0.01285,-0.004200000000000001,-0.0005500000000000001,-0.0072
10.5,4.0,10.5,4,0.008249999999999999,0.0018224999999999997,-0.006948041044776119,-0.004149404761904762,0.0006999999999999992,-0.0073124999999999996
11.0,4.0,11.0,4,0.0078,0.0018500000000000003,0.0022499999999999985,-0.0040999999999999995,0.0019499999999999995,-0.0074
11.5,4.0,11.5,4,0.007942857142857146,0.0017999999999999997,0.008237193937338103,-0.003891666666666667,0.001787671232876712,-0.007495
12.0,4.0,12.0,4,0.0083,0.00175,0.01395,-0.0036000000000000003,0.0013499999999999996,-0.007600000000000001
12.5,4.0,12.5,4,0.00990714285714286,0.0018500000000000012,0.020953271349862256,-0.00335,-0.0021376712328767117,-0.0077800000000000005
13.0,4.0,13.0,4,0.0113,0.0019500000000000006,0.026449999999999998,-0.0031000000000000003,-0.005349999999999999,-0.0079
13.5,4.0,13.5,4,0.011175,0.0018687500000000008,0.029207575757575755,-0.0028500000000000005,-0.0035187499999999993,-0.0078875
14.0,4.0,14.0,4,0.010300000000000002,0.0016500000000000006,0.03045,-0.0026000000000000003,0.00185,-0.0078
-5.0,5.0,-5.0,5,0.004000000000000002,0.01855,0.02145,-0.0095,0.00915,-0.0097
-4.5,5.0,-4.5,5,0.004410000000000001,0.019825000000000002,0.01948185975609756,-0.00947,0.008033277027027027,-0.009600000000000001
-4.0,5.0,-4.0,5,0.004700000000000001,0.02025,0.01825,-0.0094,0.00705,-0.0095
-3.5,5.0,-3.5,5,0.004859642857142859,0.01963974358974359,0.01774814024390244,-0.009222857142857142,0.00625,-0.009405
-3.0,5.0,-3.0,5,0.005000000000000001,0.01855,0.01735,-0.009,0.00545,-0.0093
-2.5,5.0,-2.5,5,0.0052000000000000015,0.017433229383229384,0.016783194444444444,-0.008825892857142857,0.004382972972972974,-0.00913875
-2.0,5.0,-2.0,5,0.0054,0.01635,0.016249999999999997,-0.0087,0.00335,-0.009
-1.5,5.0,-1.5,5,0.005562857142857144,0.015517652027027028,0.015880555555555554,-0.008647916666666667,0.002545000000000001,-0.00893125
-1.0,5.0,-1.0,5,0.0057,0.01485,0.015549999999999998,-0.0086,0.0019500000000000003,-0.0089
-0.5,5.0,-0.5,5,0.005805000000000001,0.014259375000000001,0.015238499999999999,-0.008483333333333332,0.00162,-0.0089
0.0,5.0,0.0,5,0.005900000000000001,0.01395,0.014849999999999999,-0.0084,0.0013500000000000005,-0.0089
0.5,5.0,0.5,5,0.006008333333333334,0.014100000000000001,0.014020874999999999,-0.008499999999999999,0.0010124999999999995,-0.0089375
1.0,5.0,1.0,5,0.006100000000000001,0.01425,0.013049999999999999,-0.0086,0.0007499999999999989,-0.009
1.5,5.0,1.5,5,0.0061666666666666675,0.014080357142857143,0.01236701388888889,-0.008516666666666665,0.0006125000000000002,-0.0090625
2.0,5.0,2.0,5,0.006200000000000001,0.01375,0.011649999999999997,-0.0084,0.0005500000000000001,-0.0091
2.5,5.0,2.5,5,0.006150000000000001,0.013219642857142857,0.010604715762273901,-0.008333333333333333,0.0008125000000000007,-0.009049999999999999
3.0,5.0,3.0,5,0.006100000000000001,0.01285,0.00945,-0.0083,0.0012499999999999994,-0.009
3.5,5.0,3.5,5,0.006100000000000001,0.0134,0.008426707848837211,-0.00845,0.0015805555555555555,-0.0091
4.0,5.0,4.0,5,0.006100000000000001,0.01395,0.007349999999999999,-0.0086,0.0019500000000000003,-0.0092
4.5,5.0,4.5,5,0.006037500000000001,0.013628571428571429,0.005935175304878051,-0.008571428571428572,0.0024831944444444446,-0.009166666666666667
5.0,5.0,5.0,5,0.005900000000000001,0.01295,0.004649999999999998,-0.008499999999999999,0.00305,-0.0091
5.5,5.0,5.5,5,0.005662499999999999,0.011567724867724869,0.003719512195121951,-0.008253571428571428,0.0034766346153846154,-0.009
6.0,5.0,6.0,5,0.005300000000000001,0.010450000000000001,0.0032499999999999994,-0.007899999999999999,0.00395,-0.0089
6.5,5.0,6.5,5,0.004771428571428572,0.010346560846560847,0.0038928571428571423,-0.007575,0.0047173856548856545,-0.00885
7.0,5.0,7.0,5,0.004100000000000001,0.01025,0.004750000000000001,-0.007299999999999999,0.00565,-0.0088
7.5,5.0,7.5,5,0.0031285714285714285,0.009750621118012424,0.005157142857142857,-0.0071,0.006879729729729729,-0.0087
8.0,5.0,8.0,5,0.0025000000000000005,0.00905,0.005350000000000001,-0.006999999999999999,0.00765,-0.0086
8.5,5.0,8.5,5,0.0037091836734693875,0.008356521739130434,-0.0022871987951807223,-0.006999999999999999,0.007402941176470588,-0.008533333333333334
9.0,5.0,9.0,5,0.0055,0.00795,-0.01035,-0.006999999999999999,0.00685,-0.0085
9.5,5.0,9.5,5,0.0067408163265306135,0.0083775,-0.011012801204819277,-0.006721428571428571,0.005397058823529411,-0.0087625
10.0,5.0,10.0,5,0.0074,0.00885,-0.011250000000000001,-0.0063999999999999994,0.00425,-0.0091
10.5,5.0,10.5,5,0.00695,0.0089225,-0.00534804104477612,-0.006349404761904763,0.0055,-0.0092125
11.0,5.0,11.0,5,0.006500000000000001,0.00895,0.0038499999999999993,-0.0063,0.00675,-0.0093
11.5,5.0,11.5,5,0.006642857142857145,0.0089,0.0098371939373381,-0.006091666666666667,0.0065876712328767125,-0.009395
12.0,5.0,12.0,5,0.007000000000000001,0.00885,0.015549999999999998,-0.0058,0.00615,-0.0095
12.5,5.0,12.5,5,0.008607142857142857,0.008950000000000001,0.022553271349862253,-0.005549999999999999,0.0026623287671232883,-0.00968
13.0,5.0,13.0,5,0.01,0.00905,0.028050000000000002,-0.005299999999999999,-0.0005500000000000001,-0.0098
13.5,5.0,13.5,5,0.009875,0.008968750000000001,0.030807575757575752,-0.005050000000000001,0.0012812499999999994,-0.0097875
14.0,5.0,14.0,5,0.009000000000000003,0.00875,0.032049999999999995,-0.0048000000000000004,0.00665,-0.0097
-5.0,6.0,-5.0,6,0.0019000000000000006,0.03555,0.02295,-0.0146,0.01765,-0.0145
-4.5,6.0,-4.5,6,0.0023100000000000013,0.036825000000000004,0.02098185975609756,-0.01457,0.016533277027027025,-0.0144
-4.0,6.0,-4.0,6,0.0026,0.037250000000000005,0.01975,-0.0145,0.01555,-0.0143
-3.5,6.0,-3.5,6,0.002759642857142858,0.03663974358974359,0.01924814024390244,-0.014322857142857142,0.014750000000000001,-0.014205
-3.0,6.0,-3.0,6,0.0029000000000000015,0.03555,0.018850000000000002,-0.0141,0.01395,-0.0141
-2.5,6.0,-2.5,6,0.0031000000000000003,0.03443322938322939,0.018283194444444446,-0.013925892857142857,0.012882972972972973,-0.01393875
-2.0,6.0,-2.0,6,0.003299999999999999,0.033350000000000005,0.01775,-0.0138,0.01185,-0.0138
-1.5,6.0,-1.5,6,0.0034628571428571443,0.03251765202702703,0.017380555555555555,-0.013747916666666667,0.011045000000000001,-0.01373125
-1.0,6.0,-1.0,6,0.0036000000000000008,0.03185,0.01705,-0.0137,0.010450000000000001,-0.0137
-0.5,6.0,-0.5,6,0.0037050000000000017,0.031259375,0.0167385,-0.013583333333333333,0.01012,-0.0137
0.0,6.0,0.0,6,0.0037999999999999996,0.030950000000000002,0.01635,-0.0135,0.009850000000000001,-0.0137
0.5,6.0,0.5,6,0.003908333333333335,0.031100000000000003,0.015520875,-0.0136,0.0095125,-0.0137375
1.0,6.0,1.0,6,0.004000000000000002,0.03125,0.014550000000000004,-0.0137,0.00925,-0.0138
1.5,6.0,1.5,6,0.004066666666666668,0.031080357142857146,0.01386701388888889,-0.013616666666666666,0.009112499999999999,-0.0138625
2.0,6.0,2.0,6,0.004100000000000001,0.030750000000000003,0.013149999999999998,-0.0135,0.009049999999999999,-0.0139
2.5,6.0,2.5,6,0.00405,0.030219642857142858,0.012104715762273902,-0.013433333333333334,0.009312500000000001,-0.01385
3.0,6.0,3.0,6,0.004000000000000002,0.02985,0.010950000000000001,-0.0134,0.00975,-0.0138
3.5,6.0,3.5,6,0.004000000000000002,0.030400000000000003,0.009926707848837212,-0.01355,0.010080555555555554,-0.0139
4.0,6.0,4.0,6,0.004000000000000002,0.030950000000000002,0.00885,-0.0137,0.010450000000000001,-0.014
4.5,6.0,4.5,6,0.003937500000000002,0.03062857142857143,0.007435175304878052,-0.013671428571428572,0.010983194444444445,-0.013966666666666667
5.0,6.0,5.0,6,0.0037999999999999996,0.02995,0.006149999999999999,-0.0136,0.011550000000000001,-0.0139
5.5,6.0,5.5,6,0.0035624999999999997,0.02856772486772487,0.005219512195121952,-0.013353571428571428,0.011976634615384615,-0.0138
6.0,6.0,6.0,6,0.0031999999999999997,0.027450000000000002,0.004750000000000001,-0.013,0.01245,-0.0137
6.5,6.0,6.5,6,0.002671428571428573,0.027346560846560848,0.005392857142857144,-0.012675,0.013217385654885654,-0.013649999999999999
7.0,6.0,7.0,6,0.002,0.027250000000000003,0.006250000000000002,-0.0124,0.01415,-0.013600000000000001
7.5,6.0,7.5,6,0.001028571428571429,0.026750621118012425,0.006657142857142858,-0.012199999999999999,0.01537972972972973,-0.0135
8.0,6.0,8.0,6,0.0003999999999999993,0.026050000000000004,0.006850000000000002,-0.0121,0.016149999999999998,-0.0134
8.5,6.0,8.5,6,0.0016091836734693863,0.025356521739130437,-0.0007871987951807193,-0.0121,0.01590294117647059,-0.013333333333333332
9.0,6.0,9.0,6,0.0034000000000000002,0.02495,-0.008849999999999998,-0.0121,0.01535,-0.0133
9.5,6.0,9.5,6,0.004640816326530612,0.0253775,-0.009512801204819276,-0.011821428571428571,0.013897058823529412,-0.0135625
10.0,6.0,10.0,6,0.005300000000000001,0.02585,-0.00975,-0.0115,0.012750000000000001,-0.0139
10.5,6.0,10.5,6,0.004849999999999998,0.0259225,-0.0038480410447761185,-0.011449404761904761,0.014,-0.0140125
11.0,6.0,11.0,6,0.004399999999999999,0.02595,0.005350000000000001,-0.0114,0.01525,-0.0141
11.5,6.0,11.5,6,0.004542857142857145,0.0259,0.011337193937338102,-0.011191666666666667,0.015087671232876713,-0.014195
12.0,6.0,12.0,6,0.0049,0.02585,0.01705,-0.0109,0.01465,-0.0143
12.5,6.0,12.5,6,0.006507142857142859,0.02595,0.024053271349862255,-0.01065,0.011162328767123288,-0.01448
13.0,6.0,13.0,6,0.007899999999999999,0.026050000000000004,0.029550000000000003,-0.0104,0.00795,-0.0146
13.5,6.0,13.5,6,0.007774999999999999,0.025968750000000002,0.03230757575757576,-0.01015,0.00978125,-0.0145875
14.0,6.0,14.0,6,0.006900000000000002,0.025750000000000002,0.033549999999999996,-0.009899999999999999,0.01515,-0.0145
-5.0,7.0,-5.0,7,0.00040000000000000105,0.05085,0.02045,-0.0185,0.02595,-0.0183
-4.5,7.0,-4.5,7,0.00081,0.052125,0.01848185975609756,-0.01847,0.024833277027027027,-0.0182
-4.0,7.0,-4.0,7,0.0011000000000000003,0.05255,0.017249999999999998,-0.0184,0.023850000000000003,-0.0181
-3.5,7.0,-3.5,7,0.0012596428571428585,0.05193974358974359,0.016748140243902438,-0.01822285714285714,0.02305,-0.018005
-3.0,7.0,-3.0,7,0.0014000000000000002,0.05085,0.01635,-0.018,0.02225,-0.0179
-2.5,7.0,-2.5,7,0.0016000000000000007,0.04973322938322938,0.015783194444444443,-0.017825892857142856,0.021182972972972974,-0.01773875
-2.0,7.0,-2.0,7,0.0017999999999999995,0.04865,0.015250000000000003,-0.0177,0.02015,-0.0176
-1.5,7.0,-1.5,7,0.001962857142857143,0.04781765202702703,0.014880555555555553,-0.017647916666666666,0.019345,-0.01753125
-1.0,7.0,-1.0,7,0.0020999999999999994,0.04715,0.014549999999999997,-0.017599999999999998,0.018750000000000003,-0.0175
-0.5,7.0,-0.5,7,0.0022050000000000004,0.046559375,0.014238499999999998,-0.017483333333333333,0.01842,-0.0175
0.0,7.0,0.0,7,0.0023,0.04625,0.013849999999999998,-0.0174,0.01815,-0.0175
0.5,7.0,0.5,7,0.0024083333333333335,0.0464,0.013020874999999998,-0.017499999999999998,0.017812500000000002,-0.0175375
1.0,7.0,1.0,7,0.0025000000000000005,0.04655,0.012050000000000002,-0.017599999999999998,0.01755,-0.0176
1.5,7.0,1.5,7,0.0025666666666666667,0.04638035714285714,0.011367013888888892,-0.017516666666666666,0.017412499999999997,-0.0176625
2.0,7.0,2.0,7,0.0026,0.04605,0.01065,-0.0174,0.017349999999999997,-0.0177
2.5,7.0,2.5,7,0.00255,0.045519642857142856,0.009604715762273904,-0.017333333333333333,0.017612500000000003,-0.01765
3.0,7.0,3.0,7,0.0025000000000000005,0.04515,0.008450000000000003,-0.0173,0.01805,-0.0176
3.5,7.0,3.5,7,0.0025000000000000005,0.0457,0.00742670784883721,-0.01745,0.018380555555555553,-0.0177
4.0,7.0,4.0,7,0.0025000000000000005,0.04625,0.006349999999999998,-0.017599999999999998,0.018750000000000003,-0.0178
4.5,7.0,4.5,7,0.0024375000000000004,0.04592857142857143,0.00493517530487805,-0.01757142857142857,0.019283194444444443,-0.017766666666666667
5.0,7.0,5.0,7,0.0023,0.04525,0.0036500000000000005,-0.017499999999999998,0.01985,-0.0177
5.5,7.0,5.5,7,0.0020625,0.04386772486772487,0.00271951219512195,-0.017253571428571427,0.020276634615384613,-0.0176
6.0,7.0,6.0,7,0.0017000000000000001,0.042749999999999996,0.0022499999999999985,-0.0169,0.020749999999999998,-0.0175
6.5,7.0,6.5,7,0.0011714285714285715,0.04264656084656085,0.002892857142857145,-0.016575,0.021517385654885653,-0.01745
7.0,7.0,7.0,7,0.0005000000000000004,0.04255,0.00375,-0.0163,0.022449999999999998,-0.0174
7.5,7.0,7.5,7,-0.0004714285714285723,0.04205062111801242,0.004157142857142856,-0.0161,0.02367972972972973,-0.0173
8.0,7.0,8.0,7,-0.0011000000000000003,0.04135,0.00435,-0.016,0.02445,-0.0172
8.5,7.0,8.5,7,0.0001091836734693867,0.04065652173913043,-0.0032871987951807215,-0.016,0.024202941176470587,-0.017133333333333334
9.0,7.0,9.0,7,0.0019000000000000006,0.04025,-0.011349999999999999,-0.016,0.023649999999999997,-0.0171
9.5,7.0,9.5,7,0.0031408163265306127,0.0406775,-0.012012801204819276,-0.01572142857142857,0.02219705882352941,-0.0173625
10.0,7.0,10.0,7,0.0037999999999999996,0.04115,-0.01225,-0.0154,0.02105,-0.0177
10.5,7.0,10.5,7,0.003349999999999999,0.041222499999999995,-0.006348041044776119,-0.015349404761904762,0.0223,-0.0178125
11.0,7.0,11.0,7,0.0029,0.04125,0.002850000000000002,-0.015299999999999998,0.02355,-0.0179
11.5,7.0,11.5,7,0.003042857142857144,0.0412,0.0088371939373381,-0.015091666666666666,0.02338767123287671,-0.017995
12.0,7.0,12.0,7,0.0034000000000000002,0.04115,0.014549999999999997,-0.014799999999999999,0.022949999999999998,-0.0181
12.5,7.0,12.5,7,0.005007142857142858,0.04125,0.021553271349862253,-0.014549999999999999,0.01946232876712329,-0.01828
13.0,7.0,13.0,7,0.0063999999999999994,0.04135,0.02705,-0.014299999999999998,0.01625,-0.0184
13.5,7.0,13.5,7,0.006274999999999999,0.04126875,0.02980757575757575,-0.01405,0.01808125,-0.0183875
14.0,7.0,14.0,7,0.0054,0.04105,0.031049999999999998,-0.0138,0.02345,-0.0183
-5.0,8.0,-5.0,8,0.000700000000000001,0.06365,0.020050000000000002,-0.021,0.02955,-0.0212
-4.5,8.0,-4.5,8,0.0011099999999999999,0.064925,0.018081859756097562,-0.020970000000000003,0.028433277027027026,-0.0211
-4.0,8.0,-4.0,8,0.0014000000000000002,0.06534999999999999,0.01685,-0.020900000000000002,0.027450000000000002,-0.021
-3.5,8.0,-3.5,8,0.0015596428571428584,0.06473974358974359,0.01634814024390244,-0.020722857142857144,0.02665,-0.020905
-3.0,8.0,-3.0,8,0.0017000000000000001,0.06365,0.015950000000000002,-0.0205,0.025849999999999998,-0.0208
-2.5,8.0,-2.5,8,0.0019000000000000006,0.06253322938322937,0.015383194444444446,-0.02032589285714286,0.024782972972972973,-0.02063875
-2.0,8.0,-2.0,8,0.0020999999999999994,0.06145,0.014849999999999999,-0.020200000000000003,0.02375,-0.0205
-1.5,8.0,-1.5,8,0.002262857142857143,0.06061765202702703,0.014480555555555556,-0.020147916666666668,0.022945,-0.02043125
-1.0,8.0,-1.0,8,0.0023999999999999994,0.059949999999999996,0.01415,-0.0201,0.022350000000000002,-0.020399999999999998
-0.5,8.0,-0.5,8,0.0025050000000000003,0.059359375,0.0138385,-0.019983333333333336,0.022019999999999998,-0.020399999999999998
0.0,8.0,0.0,8,0.0026,0.05905,0.01345,-0.0199,0.02175,-0.020399999999999998
0.5,8.0,0.5,8,0.0027083333333333334,0.059199999999999996,0.012620875,-0.02,0.0214125,-0.0204375
1.0,8.0,1.0,8,0.0028000000000000004,0.05935,0.01165,-0.0201,0.02115,-0.0205
1.5,8.0,1.5,8,0.0028666666666666667,0.05918035714285714,0.01096701388888889,-0.02001666666666667,0.021012499999999996,-0.0205625
2.0,8.0,2.0,8,0.0029,0.05885,0.010249999999999999,-0.0199,0.020949999999999996,-0.0206
2.5,8.0,2.5,8,0.00285,0.058319642857142855,0.009204715762273902,-0.019833333333333335,0.021212500000000002,-0.02055
3.0,8.0,3.0,8,0.0028000000000000004,0.05795,0.008050000000000002,-0.0198,0.02165,-0.0205
3.5,8.0,3.5,8,0.0028000000000000004,0.058499999999999996,0.007026707848837212,-0.019950000000000002,0.021980555555555552,-0.0206
4.0,8.0,4.0,8,0.0028000000000000004,0.05905,0.00595,-0.0201,0.022350000000000002,-0.0207
4.5,8.0,4.5,8,0.0027375000000000003,0.05872857142857143,0.004535175304878052,-0.020071428571428573,0.022883194444444442,-0.020666666666666667
5.0,8.0,5.0,8,0.0026,0.05805,0.0032499999999999994,-0.02,0.02345,-0.0206
5.5,8.0,5.5,8,0.0023625,0.05666772486772487,0.0023195121951219526,-0.01975357142857143,0.023876634615384612,-0.0205
6.0,8.0,6.0,8,0.002,0.055549999999999995,0.001850000000000001,-0.0194,0.024349999999999997,-0.020399999999999998
6.5,8.0,6.5,8,0.0014714285714285714,0.05544656084656085,0.002492857142857144,-0.019075,0.02511738565488565,-0.02035
7.0,8.0,7.0,8,0.0008000000000000004,0.055349999999999996,0.0033500000000000023,-0.0188,0.026049999999999997,-0.0203
7.5,8.0,7.5,8,-0.00017142857142857237,0.05485062111801242,0.003757142857142858,-0.018600000000000002,0.02727972972972973,-0.0202
8.0,8.0,8.0,8,-0.0008000000000000004,0.05415,0.003950000000000002,-0.018500000000000003,0.02805,-0.0201
8.5,8.0,8.5,8,0.0004091836734693866,0.05345652173913043,-0.003687198795180721,-0.018500000000000003,0.027802941176470586,-0.020033333333333334
9.0,8.0,9.0,8,0.0022000000000000006,0.05305,-0.011749999999999998,-0.018500000000000003,0.027249999999999996,-0.02
9.5,8.0,9.5,8,0.0034408163265306126,0.0534775,-0.012412801204819275,-0.018221428571428572,0.02579705882352941,-0.0202625
10.0,8.0,10.0,8,0.0040999999999999995,0.05395,-0.01265,-0.017900000000000003,0.02465,-0.0206
10.5,8.0,10.5,8,0.0036499999999999987,0.0540225,-0.006748041044776118,-0.017849404761904764,0.0259,-0.0207125
11.0,8.0,11.0,8,0.0031999999999999997,0.05405,0.002450000000000001,-0.0178,0.02715,-0.0208
11.5,8.0,11.5,8,0.003342857142857144,0.054,0.008437193937338102,-0.01759166666666667,0.02698767123287671,-0.020895
12.0,8.0,12.0,8,0.0037,0.05395,0.01415,-0.017300000000000003,0.026549999999999997,-0.021
12.5,8.0,12.5,8,0.0053071428571428575,0.05405,0.021153271349862255,-0.017050000000000003,0.02306232876712329,-0.02118
13.0,8.0,13.0,8,0.006699999999999999,0.05415,0.026650000000000004,-0.016800000000000002,0.01985,-0.0213
13.5,8.0,13.5,8,0.006574999999999999,0.05406875,0.029407575757575754,-0.016550000000000002,0.02168125,-0.0212875
14.0,8.0,14.0,8,0.0057,0.053849999999999995,0.03065,-0.016300000000000002,0.027049999999999998,-0.0212
-5.0,9.0,-5.0,9,0.0018000000000000013,0.07025,0.01925,-0.0217,0.03005,-0.0223
-4.5,9.0,-4.5,9,0.00221,0.071525,0.01728185975609756,-0.021670000000000002,0.028933277027027027,-0.0222
-4.0,9.0,-4.0,9,0.0025000000000000005,0.07195,0.01605,-0.0216,0.027950000000000003,-0.022099999999999998
-3.5,9.0,-3.5,9,0.0026596428571428587,0.07133974358974358,0.015548140243902438,-0.021422857142857143,0.02715,-0.022005
-3.0,9.0,-3.0,9,0.0028000000000000004,0.07025,0.01515,-0.0212,0.02635,-0.0219
-2.5,9.0,-2.5,9,0.003000000000000001,0.06913322938322938,0.014583194444444444,-0.021025892857142858,0.025282972972972974,-0.02173875
-2.0,9.0,-2.0,9,0.0031999999999999997,0.06805,0.014050000000000003,-0.020900000000000002,0.02425,-0.0216
-1.5,9.0,-1.5,9,0.003362857142857143,0.06721765202702702,0.013680555555555553,-0.020847916666666667,0.023445,-0.02153125
-1.0,9.0,-1.0,9,0.0034999999999999996,0.06655,0.013349999999999997,-0.0208,0.022850000000000002,-0.0215
-0.5,9.0,-0.5,9,0.0036050000000000006,0.065959375,0.013038499999999998,-0.020683333333333335,0.02252,-0.0215
0.0,9.0,0.0,9,0.0037,0.06565,0.012649999999999998,-0.0206,0.02225,-0.0215
0.5,9.0,0.5,9,0.0038083333333333337,0.0658,0.011820874999999998,-0.0207,0.0219125,-0.0215375
1.0,9.0,1.0,9,0.0039000000000000007,0.06595,0.010850000000000002,-0.0208,0.02165,-0.0216
1.5,9.0,1.5,9,0.003966666666666667,0.06578035714285714,0.010167013888888892,-0.020716666666666668,0.021512499999999997,-0.0216625
2.0,9.0,2.0,9,0.004,0.06545,0.00945,-0.0206,0.021449999999999997,-0.0217
2.5,9.0,2.5,9,0.00395,0.06491964285714286,0.008404715762273904,-0.020533333333333334,0.021712500000000003,-0.02165
3.0,9.0,3.0,9,0.0039000000000000007,0.06455,0.007250000000000003,-0.0205,0.022150000000000003,-0.0216
3.5,9.0,3.5,9,0.0039000000000000007,0.0651,0.00622670784883721,-0.02065,0.022480555555555552,-0.0217
4.0,9.0,4.0,9,0.0039000000000000007,0.06565,0.005149999999999998,-0.0208,0.022850000000000002,-0.0218
4.5,9.0,4.5,9,0.0038375000000000006,0.06532857142857143,0.00373517530487805,-0.020771428571428573,0.023383194444444443,-0.021766666666666667
5.0,9.0,5.0,9,0.0037,0.06465,0.002450000000000001,-0.0207,0.02395,-0.0217
5.5,9.0,5.5,9,0.0034625000000000003,0.06326772486772486,0.0015195121951219505,-0.02045357142857143,0.024376634615384613,-0.021599999999999998
6.0,9.0,6.0,9,0.0031000000000000003,0.06215,0.0010499999999999989,-0.0201,0.024849999999999997,-0.0215
6.5,9.0,6.5,9,0.0025714285714285717,0.06204656084656085,0.0016928571428571453,-0.019775,0.025617385654885652,-0.02145
7.0,9.0,7.0,9,0.0019000000000000006,0.06195,0.00255,-0.0195,0.026549999999999997,-0.0214
7.5,9.0,7.5,9,0.0009285714285714279,0.06145062111801242,0.002957142857142856,-0.0193,0.02777972972972973,-0.0213
8.0,9.0,8.0,9,0.0002999999999999999,0.06075,0.00315,-0.019200000000000002,0.02855,-0.0212
8.5,9.0,8.5,9,0.001509183673469387,0.06005652173913043,-0.004487198795180721,-0.019200000000000002,0.028302941176470586,-0.021133333333333334
9.0,9.0,9.0,9,0.003300000000000001,0.05965,-0.012549999999999999,-0.019200000000000002,0.027749999999999997,-0.0211
9.5,9.0,9.5,9,0.004540816326530613,0.0600775,-0.013212801204819276,-0.01892142857142857,0.02629705882352941,-0.0213625
10.0,9.0,10.0,9,0.0052,0.06055,-0.01345,-0.018600000000000002,0.02515,-0.0217
10.5,9.0,10.5,9,0.004749999999999999,0.060622499999999996,-0.007548041044776119,-0.018549404761904763,0.0264,-0.0218125
11.0,9.0,11.0,9,0.0043,0.06065,0.0016500000000000022,-0.0185,0.02765,-0.0219
11.5,9.0,11.5,9,0.004442857142857144,0.0606,0.0076371939373381,-0.018291666666666668,0.02748767123287671,-0.021995
12.0,9.0,12.0,9,0.0048000000000000004,0.06055,0.013349999999999997,-0.018000000000000002,0.027049999999999998,-0.022099999999999998
12.5,9.0,12.5,9,0.006407142857142858,0.06065,0.020353271349862253,-0.017750000000000002,0.02356232876712329,-0.02228
13.0,9.0,13.0,9,0.0078,0.06075,0.02585,-0.0175,0.02035,-0.0224
13.5,9.0,13.5,9,0.0076749999999999995,0.06066875,0.028607575757575752,-0.01725,0.02218125,-0.0223875
14.0,9.0,14.0,9,0.0068000000000000005,0.060450000000000004,0.029849999999999998,-0.017,0.027549999999999998,-0.0223
-5.0,10.0,-5.0,10,0.004100000000000001,0.06725,0.019850000000000003,-0.0201,0.025349999999999998,-0.020799999999999996
-4.5,10.0,-4.5,10,0.00451,0.068525,0.017881859756097556,-0.02007,0.024233277027027024,-0.020699999999999996
-4.0,10.0,-4.0,10,0.0048000000000000004,0.06895,0.016649999999999995,-0.02,0.02325,-0.020599999999999997
-3.5,10.0,-3.5,10,0.004959642857142859,0.06833974358974358,0.01614814024390244,-0.019822857142857142,0.022449999999999998,-0.020504999999999995
-3.0,10.0,-3.0,10,0.0051,0.06725,0.015749999999999997,-0.0196,0.021650000000000003,-0.020399999999999995
-2.5,10.0,-2.5,10,0.005300000000000001,0.06613322938322938,0.015183194444444447,-0.019425892857142857,0.02058297297297297,-0.020238749999999996
-2.0,10.0,-2.0,10,0.0055,0.06505,0.01465,-0.0193,0.019549999999999998,-0.020099999999999996
-1.5,10.0,-1.5,10,0.005662857142857143,0.06421765202702702,0.014280555555555557,-0.019247916666666667,0.018745,-0.020031249999999997
-1.0,10.0,-1.0,10,0.0058,0.06355,0.013949999999999997,-0.0192,0.01815,-0.019999999999999993
-0.5,10.0,-0.5,10,0.0059050000000000005,0.062959375,0.013638499999999998,-0.019083333333333334,0.017820000000000003,-0.019999999999999993
0.0,10.0,0.0,10,0.006,0.06265,0.013249999999999998,-0.019,0.017550000000000003,-0.019999999999999993
0.5,10.0,0.5,10,0.006108333333333334,0.0628,0.012420874999999998,-0.0191,0.0172125,-0.020037499999999996
1.0,10.0,1.0,10,0.006200000000000001,0.06294999999999999,0.011449999999999998,-0.0192,0.01695,-0.020099999999999996
1.5,10.0,1.5,10,0.006266666666666667,0.06278035714285714,0.010767013888888888,-0.019116666666666667,0.0168125,-0.020162499999999996
2.0,10.0,2.0,10,0.0063,0.06245,0.01005,-0.019,0.01675,-0.020199999999999996
2.5,10.0,2.5,10,0.00625,0.061919642857142854,0.009004715762273904,-0.018933333333333333,0.0170125,-0.020149999999999994
3.0,10.0,3.0,10,0.006200000000000001,0.06155,0.00785,-0.0189,0.01745,-0.020099999999999996
3.5,10.0,3.5,10,0.006200000000000001,0.062099999999999995,0.006826707848837207,-0.01905,0.017780555555555556,-0.020199999999999996
4.0,10.0,4.0,10,0.006200000000000001,0.06265,0.005749999999999998,-0.0192,0.01815,-0.020299999999999995
4.5,10.0,4.5,10,0.006137500000000001,0.06232857142857143,0.0043351753048780466,-0.019171428571428572,0.018683194444444447,-0.020266666666666662
5.0,10.0,5.0,10,0.006,0.061649999999999996,0.0030500000000000006,-0.0191,0.019250000000000003,-0.020199999999999996
5.5,10.0,5.5,10,0.0057624999999999985,0.060267724867724866,0.0021195121951219503,-0.018853571428571428,0.019676634615384617,-0.020099999999999996
6.0,10.0,6.0,10,0.0054,0.059149999999999994,0.0016499999999999987,-0.0185,0.02015,-0.019999999999999993
6.5,10.0,6.5,10,0.004871428571428572,0.05904656084656085,0.0022928571428571416,-0.018175,0.020917385654885656,-0.019949999999999996
7.0,10.0,7.0,10,0.004200000000000001,0.058949999999999995,0.00315,-0.0179,0.02185,-0.019899999999999994
7.5,10.0,7.5,10,0.003228571428571428,0.05845062111801242,0.003557142857142856,-0.0177,0.023079729729729728,-0.019799999999999995
8.0,10.0,8.0,10,0.0026,0.057749999999999996,0.00375,-0.0176,0.023850000000000003,-0.019699999999999995
8.5,10.0,8.5,10,0.003809183673469387,0.05705652173913043,-0.003887198795180723,-0.0176,0.02360294117647059,-0.01963333333333333
9.0,10.0,9.0,10,0.005599999999999999,0.05665,-0.01195,-0.0176,0.02305,-0.019599999999999996
9.5,10.0,9.5,10,0.006840816326530613,0.057077499999999996,-0.012612801204819278,-0.01732142857142857,0.021597058823529414,-0.019862499999999995
10.0,10.0,10.0,10,0.0075,0.05755,-0.012850000000000002,-0.017,0.020450000000000003,-0.020199999999999996
10.5,10.0,10.5,10,0.007049999999999999,0.05762249999999999,-0.006948041044776121,-0.016949404761904763,0.0217,-0.020312499999999994
11.0,10.0,11.0,10,0.0066,0.05765,0.0022499999999999985,-0.0169,0.022949999999999998,-0.020399999999999995
11.5,10.0,11.5,10,0.006742857142857144,0.0576,0.0082371939373381,-0.016691666666666667,0.022787671232876713,-0.020494999999999996
12.0,10.0,12.0,10,0.0071,0.05755,0.013949999999999997,-0.016399999999999998,0.022350000000000002,-0.020599999999999997
12.5,10.0,12.5,10,0.00870714285714286,0.05765,0.020953271349862256,-0.016149999999999998,0.018862328767123286,-0.020779999999999996
13.0,10.0,13.0,10,0.0101,0.057749999999999996,0.026449999999999998,-0.0159,0.01565,-0.020899999999999995
13.5,10.0,13.5,10,0.009975,0.05766875,0.029207575757575748,-0.01565,0.01748125,-0.020887499999999996
14.0,10.0,14.0,10,0.009099999999999999,0.05745,0.03045,-0.0154,0.022850000000000002,-0.020799999999999996
